simulation,tracer sample,redshift,mass cut,void count,x_data,y_data,y_error
midres,CDM tracers around subhalo voids,0.00,10^12 M_sol / h,all voids,0.025,-0.5672140562711951,0.01832270038994772
midres,CDM tracers around subhalo voids,0.00,10^12 M_sol / h,all voids,0.07500000000000001,-0.5559211952013912,0.008058322227740323
midres,CDM tracers around subhalo voids,0.00,10^12 M_sol / h,all voids,0.125,-0.5585977880905678,0.00500003213844149
midres,CDM tracers around subhalo voids,0.00,10^12 M_sol / h,all voids,0.17500000000000002,-0.5554225081080326,0.0033755068706022196
midres,CDM tracers around subhalo voids,0.00,10^12 M_sol / h,all voids,0.225,-0.5514964813652844,0.0025249785142691717
midres,CDM tracers around subhalo voids,0.00,10^12 M_sol / h,all voids,0.275,-0.5364598100211522,0.0022426096425611844
midres,CDM tracers around subhalo voids,0.00,10^12 M_sol / h,all voids,0.32500000000000007,-0.5214871984990326,0.0018846765716172996
midres,CDM tracers around subhalo voids,0.00,10^12 M_sol / h,all voids,0.375,-0.5018876797095649,0.0016349505357343866
midres,CDM tracers around subhalo voids,0.00,10^12 M_sol / h,all voids,0.42500000000000004,-0.46955667301625603,0.0014963396938070972
midres,CDM tracers around subhalo voids,0.00,10^12 M_sol / h,all voids,0.475,-0.4201199032958186,0.0014881034111836457
midres,CDM tracers around subhalo voids,0.00,10^12 M_sol / h,all voids,0.525,-0.36235666640001996,0.0014537022249066754
midres,CDM tracers around subhalo voids,0.00,10^12 M_sol / h,all voids,0.5750000000000001,-0.2923964003942445,0.001423190775234949
midres,CDM tracers around subhalo voids,0.00,10^12 M_sol / h,all voids,0.625,-0.20765299984911156,0.0014421636086263097
midres,CDM tracers around subhalo voids,0.00,10^12 M_sol / h,all voids,0.675,-0.11865227629271513,0.0014642524644415881
midres,CDM tracers around subhalo voids,0.00,10^12 M_sol / h,all voids,0.7250000000000001,-0.02645430758450973,0.0015414983959330258
midres,CDM tracers around subhalo voids,0.00,10^12 M_sol / h,all voids,0.775,0.06045014048225705,0.0014868642982487615
midres,CDM tracers around subhalo voids,0.00,10^12 M_sol / h,all voids,0.8250000000000001,0.13938977906553562,0.0015013961822329884
midres,CDM tracers around subhalo voids,0.00,10^12 M_sol / h,all voids,0.875,0.20385806773142168,0.001492616161776149
midres,CDM tracers around subhalo voids,0.00,10^12 M_sol / h,all voids,0.925,0.25388637242044987,0.0014599187407438607
midres,CDM tracers around subhalo voids,0.00,10^12 M_sol / h,all voids,0.9750000000000001,0.2874673600634885,0.0014331814625104969
midres,CDM tracers around subhalo voids,0.00,10^12 M_sol / h,all voids,1.025,0.3085107484852798,0.0013939430651373614
midres,CDM tracers around subhalo voids,0.00,10^12 M_sol / h,all voids,1.0750000000000002,0.31701991869531,0.0013578906500724842
midres,CDM tracers around subhalo voids,0.00,10^12 M_sol / h,all voids,1.125,0.3148995051725829,0.0013136916817793102
midres,CDM tracers around subhalo voids,0.00,10^12 M_sol / h,all voids,1.1750000000000003,0.3077475410661801,0.0012609334488610903
midres,CDM tracers around subhalo voids,0.00,10^12 M_sol / h,all voids,1.225,0.2929968611549765,0.0012194753143876273
midres,CDM tracers around subhalo voids,0.00,10^12 M_sol / h,all voids,1.275,0.27716482995593683,0.001176678969299758
midres,CDM tracers around subhalo voids,0.00,10^12 M_sol / h,all voids,1.3250000000000002,0.2573418141009238,0.0011162948304410533
midres,CDM tracers around subhalo voids,0.00,10^12 M_sol / h,all voids,1.375,0.23646900191201592,0.0010542733539460648
midres,CDM tracers around subhalo voids,0.00,10^12 M_sol / h,all voids,1.4250000000000003,0.21776746095505461,0.0010068714122862456
midres,CDM tracers around subhalo voids,0.00,10^12 M_sol / h,all voids,1.475,0.19912743787765508,0.0009699761391978534
midres,CDM tracers around subhalo voids,0.00,10^12 M_sol / h,all voids,1.525,0.18184250625934584,0.0009269962965967641
midres,CDM tracers around subhalo voids,0.00,10^12 M_sol / h,all voids,1.5750000000000002,0.1643892488211982,0.0008843655356970319
midres,CDM tracers around subhalo voids,0.00,10^12 M_sol / h,all voids,1.625,0.1494272761830442,0.0008491419616414152
midres,CDM tracers around subhalo voids,0.00,10^12 M_sol / h,all voids,1.6750000000000003,0.13530751522758466,0.0008164838629206035
midres,CDM tracers around subhalo voids,0.00,10^12 M_sol / h,all voids,1.725,0.12349937427792801,0.0007780733224674467
midres,CDM tracers around subhalo voids,0.00,10^12 M_sol / h,all voids,1.775,0.11174498386963339,0.000751516919133203
midres,CDM tracers around subhalo voids,0.00,10^12 M_sol / h,all voids,1.8250000000000002,0.10236971209722534,0.0007267225243685122
midres,CDM tracers around subhalo voids,0.00,10^12 M_sol / h,all voids,1.875,0.09226442091334963,0.0006958646963260261
midres,CDM tracers around subhalo voids,0.00,10^12 M_sol / h,all voids,1.9250000000000003,0.08412493844592106,0.00067108655563029
midres,CDM tracers around subhalo voids,0.00,10^12 M_sol / h,all voids,1.975,0.0775372006265731,0.0006522367552821606
midres,CDM tracers around subhalo voids,0.00,10^12 M_sol / h,all voids,2.0250000000000004,0.07066860132827979,0.0006272299756349242
midres,CDM tracers around subhalo voids,0.00,10^12 M_sol / h,all voids,2.075,0.06566934066288788,0.0006085687424799303
midres,CDM tracers around subhalo voids,0.00,10^12 M_sol / h,all voids,2.125,0.06056506722908628,0.0005844867981664452
midres,CDM tracers around subhalo voids,0.00,10^12 M_sol / h,all voids,2.175,0.054959240781535135,0.0005667832467466417
midres,CDM tracers around subhalo voids,0.00,10^12 M_sol / h,all voids,2.225,0.05131477558127839,0.0005507911649712634
midres,CDM tracers around subhalo voids,0.00,10^12 M_sol / h,all voids,2.2750000000000004,0.047528066853211426,0.0005391690614137279
midres,CDM tracers around subhalo voids,0.00,10^12 M_sol / h,all voids,2.325,0.04422684396722554,0.0005244124190023038
midres,CDM tracers around subhalo voids,0.00,10^12 M_sol / h,all voids,2.375,0.040931851915527506,0.0005078012894074957
midres,CDM tracers around subhalo voids,0.00,10^12 M_sol / h,all voids,2.4250000000000003,0.03879253047087783,0.000491854072257371
midres,CDM tracers around subhalo voids,0.00,10^12 M_sol / h,all voids,2.475,0.035892633215850456,0.00047833363018878717
midres,CDM tracers around subhalo voids,0.00,10^12 M_sol / h,all voids,2.5250000000000004,0.033543243095171205,0.0004685198500744086
midres,CDM tracers around subhalo voids,0.00,10^12 M_sol / h,all voids,2.575,0.031690628395175446,0.0004574934487625109
midres,CDM tracers around subhalo voids,0.00,10^12 M_sol / h,all voids,2.625,0.029414611041655325,0.00044535280233218066
midres,CDM tracers around subhalo voids,0.00,10^12 M_sol / h,all voids,2.6750000000000003,0.02850616932220329,0.00043692191433186136
midres,CDM tracers around subhalo voids,0.00,10^12 M_sol / h,all voids,2.725,0.026348740135009763,0.00042668476038912713
midres,CDM tracers around subhalo voids,0.00,10^12 M_sol / h,all voids,2.7750000000000004,0.025590056280573537,0.00042011084683102345
midres,CDM tracers around subhalo voids,0.00,10^12 M_sol / h,all voids,2.825,0.024126263347018284,0.00041070993858940155
midres,CDM tracers around subhalo voids,0.00,10^12 M_sol / h,all voids,2.875,0.02342394931162861,0.0004041204377611703
midres,CDM tracers around subhalo voids,0.00,10^12 M_sol / h,all voids,2.9250000000000003,0.02238230784391182,0.0003981083488867138
midres,CDM tracers around subhalo voids,0.00,10^12 M_sol / h,all voids,2.975,0.021112490836229236,0.00038744509248481423
midres,CDM tracers around subhalo voids,0.00,10^12 M_sol / h,all voids,3.0250000000000004,0.019778280731647335,0.00037821038369899735
midres,CDM tracers around subhalo voids,0.00,10^12 M_sol / h,all voids,3.075,0.01860101462567676,0.0003727840470815814
midres,CDM tracers around subhalo voids,0.00,10^12 M_sol / h,all voids,3.125,0.01771681415336701,0.00036534961442957634
midres,CDM tracers around subhalo voids,0.00,10^12 M_sol / h,all voids,3.1750000000000003,0.017206501555410814,0.0003585128226070585
midres,CDM tracers around subhalo voids,0.00,10^12 M_sol / h,all voids,3.225,0.016046397482166297,0.000352459043970259
midres,CDM tracers around subhalo voids,0.00,10^12 M_sol / h,all voids,3.2750000000000004,0.015401858395583723,0.00034453761830599545
midres,CDM tracers around subhalo voids,0.00,10^12 M_sol / h,all voids,3.325,0.015138805304730552,0.0003411780384274976
midres,CDM tracers around subhalo voids,0.00,10^12 M_sol / h,all voids,3.375,0.014724101094330644,0.00033608168494651884
midres,CDM tracers around subhalo voids,0.00,10^12 M_sol / h,all voids,3.4250000000000003,0.013952606745143425,0.00033069597250604704
midres,CDM tracers around subhalo voids,0.00,10^12 M_sol / h,all voids,3.475,0.013528301911803542,0.00032392364813362646
midres,CDM tracers around subhalo voids,0.00,10^12 M_sol / h,all voids,3.5250000000000004,0.012907427707260721,0.0003192813250438275
midres,CDM tracers around subhalo voids,0.00,10^12 M_sol / h,all voids,3.575,0.012168007538915893,0.0003146930229226653
midres,CDM tracers around subhalo voids,0.00,10^12 M_sol / h,all voids,3.625,0.011627892815109897,0.00030786374917786614
midres,CDM tracers around subhalo voids,0.00,10^12 M_sol / h,all voids,3.6750000000000003,0.011568465503979386,0.00030492309540479254
midres,CDM tracers around subhalo voids,0.00,10^12 M_sol / h,all voids,3.725,0.010885941931104037,0.0002998754622937408
midres,CDM tracers around subhalo voids,0.00,10^12 M_sol / h,all voids,3.7750000000000004,0.010645030112327758,0.00029450613854158184
midres,CDM tracers around subhalo voids,0.00,10^12 M_sol / h,all voids,3.825,0.010406124675137685,0.0002919816726725168
midres,CDM tracers around subhalo voids,0.00,10^12 M_sol / h,all voids,3.875,0.009602691690308918,0.00028878423921079916
midres,CDM tracers around subhalo voids,0.00,10^12 M_sol / h,all voids,3.9250000000000003,0.0093380263119347,0.0002843374343059797
midres,CDM tracers around subhalo voids,0.00,10^12 M_sol / h,all voids,3.975,0.009545905273313782,0.0002821733090105336
midres,CDM tracers around subhalo voids,0.00,10^12 M_sol / h,all voids,4.025,0.009119704192863232,0.00027661952177236303
midres,CDM tracers around subhalo voids,0.00,10^12 M_sol / h,all voids,4.075,0.008504065504397307,0.00027303197646988414
midres,CDM tracers around subhalo voids,0.00,10^12 M_sol / h,all voids,4.125,0.008409699693473716,0.00026924815415672177
midres,CDM tracers around subhalo voids,0.00,10^12 M_sol / h,all voids,4.175000000000001,0.008280947663036109,0.00026709461665329874
midres,CDM tracers around subhalo voids,0.00,10^12 M_sol / h,all voids,4.225,0.008104695960348796,0.00026389679163932507
midres,CDM tracers around subhalo voids,0.00,10^12 M_sol / h,all voids,4.275,0.007860770668244754,0.00026110311558047737
midres,CDM tracers around subhalo voids,0.00,10^12 M_sol / h,all voids,4.325,0.007424176136519245,0.00025782431416528106
midres,CDM tracers around subhalo voids,0.00,10^12 M_sol / h,all voids,4.375,0.007402036202616591,0.00025482002428543613
midres,CDM tracers around subhalo voids,0.00,10^12 M_sol / h,all voids,4.425000000000001,0.0070539579090771465,0.0002510544484020285
midres,CDM tracers around subhalo voids,0.00,10^12 M_sol / h,all voids,4.475,0.007012331264151017,0.0002484321101336079
midres,CDM tracers around subhalo voids,0.00,10^12 M_sol / h,all voids,4.525,0.00698042813292199,0.00024602205448460973
midres,CDM tracers around subhalo voids,0.00,10^12 M_sol / h,all voids,4.575,0.0066689015710601485,0.0002423910742839458
midres,CDM tracers around subhalo voids,0.00,10^12 M_sol / h,all voids,4.625,0.006524665155325904,0.00023846140365534258
midres,CDM tracers around subhalo voids,0.00,10^12 M_sol / h,all voids,4.675000000000001,0.006419076504758925,0.0002357755295373702
midres,CDM tracers around subhalo voids,0.00,10^12 M_sol / h,all voids,4.725,0.005830076639357529,0.00023346382117856284
midres,CDM tracers around subhalo voids,0.00,10^12 M_sol / h,all voids,4.775,0.0059035723227001125,0.00023175301902433093
midres,CDM tracers around subhalo voids,0.00,10^12 M_sol / h,all voids,4.825000000000001,0.005696281141323922,0.00022807735108185055
midres,CDM tracers around subhalo voids,0.00,10^12 M_sol / h,all voids,4.875,0.005756027403409414,0.00022648466913328396
midres,CDM tracers around subhalo voids,0.00,10^12 M_sol / h,all voids,4.925000000000001,0.005389087614405819,0.00022470893202230984
midres,CDM tracers around subhalo voids,0.00,10^12 M_sol / h,all voids,4.975,0.005081462193051056,0.00022209600734192576
midres,CDM tracers around subhalo voids,0.29,10^12 M_sol / h,all voids,0.025,-0.49114371116154076,0.023173506564829593
midres,CDM tracers around subhalo voids,0.29,10^12 M_sol / h,all voids,0.07500000000000001,-0.5113245066581144,0.007560894075437227
midres,CDM tracers around subhalo voids,0.29,10^12 M_sol / h,all voids,0.125,-0.5016839659548141,0.004893399016716767
midres,CDM tracers around subhalo voids,0.29,10^12 M_sol / h,all voids,0.17500000000000002,-0.5000554346671959,0.0035012782205961156
midres,CDM tracers around subhalo voids,0.29,10^12 M_sol / h,all voids,0.225,-0.49842946888573114,0.0027062839710953962
midres,CDM tracers around subhalo voids,0.29,10^12 M_sol / h,all voids,0.275,-0.48809910218605645,0.002228012840745161
midres,CDM tracers around subhalo voids,0.29,10^12 M_sol / h,all voids,0.32500000000000007,-0.4717527594168932,0.0018944915963865334
midres,CDM tracers around subhalo voids,0.29,10^12 M_sol / h,all voids,0.375,-0.4480522294044704,0.0016457988852128958
midres,CDM tracers around subhalo voids,0.29,10^12 M_sol / h,all voids,0.42500000000000004,-0.41732835977368166,0.001483425925329009
midres,CDM tracers around subhalo voids,0.29,10^12 M_sol / h,all voids,0.475,-0.37390165492934235,0.0014543324416655212
midres,CDM tracers around subhalo voids,0.29,10^12 M_sol / h,all voids,0.525,-0.32244270589393276,0.0013667837583540854
midres,CDM tracers around subhalo voids,0.29,10^12 M_sol / h,all voids,0.5750000000000001,-0.2566849656135781,0.001341468980622895
midres,CDM tracers around subhalo voids,0.29,10^12 M_sol / h,all voids,0.625,-0.1829734215689992,0.0013356292732867227
midres,CDM tracers around subhalo voids,0.29,10^12 M_sol / h,all voids,0.675,-0.10376698154173314,0.0013057067943078918
midres,CDM tracers around subhalo voids,0.29,10^12 M_sol / h,all voids,0.7250000000000001,-0.0236567766651522,0.0013039571650319594
midres,CDM tracers around subhalo voids,0.29,10^12 M_sol / h,all voids,0.775,0.0507907438450339,0.0012885650161090164
midres,CDM tracers around subhalo voids,0.29,10^12 M_sol / h,all voids,0.8250000000000001,0.1212739533350482,0.0013250461035582894
midres,CDM tracers around subhalo voids,0.29,10^12 M_sol / h,all voids,0.875,0.17715861649162834,0.001311432565875239
midres,CDM tracers around subhalo voids,0.29,10^12 M_sol / h,all voids,0.925,0.2213013242858599,0.0012723420308362204
midres,CDM tracers around subhalo voids,0.29,10^12 M_sol / h,all voids,0.9750000000000001,0.2501519306390194,0.0012478322817946626
midres,CDM tracers around subhalo voids,0.29,10^12 M_sol / h,all voids,1.025,0.2691520884787313,0.0012345761368962472
midres,CDM tracers around subhalo voids,0.29,10^12 M_sol / h,all voids,1.0750000000000002,0.2752736654793764,0.001197285288807898
midres,CDM tracers around subhalo voids,0.29,10^12 M_sol / h,all voids,1.125,0.2772848334266511,0.0011397824616741926
midres,CDM tracers around subhalo voids,0.29,10^12 M_sol / h,all voids,1.1750000000000003,0.2701067542982267,0.0011019271270836615
midres,CDM tracers around subhalo voids,0.29,10^12 M_sol / h,all voids,1.225,0.2582712943689143,0.0010874032664297123
midres,CDM tracers around subhalo voids,0.29,10^12 M_sol / h,all voids,1.275,0.24337795844021692,0.001011688912977494
midres,CDM tracers around subhalo voids,0.29,10^12 M_sol / h,all voids,1.3250000000000002,0.22666745989843484,0.0009739849017558803
midres,CDM tracers around subhalo voids,0.29,10^12 M_sol / h,all voids,1.375,0.20896965733745265,0.0009346284438833913
midres,CDM tracers around subhalo voids,0.29,10^12 M_sol / h,all voids,1.4250000000000003,0.19221828954260745,0.0009036073883590027
midres,CDM tracers around subhalo voids,0.29,10^12 M_sol / h,all voids,1.475,0.17672182615284338,0.000856543032724626
midres,CDM tracers around subhalo voids,0.29,10^12 M_sol / h,all voids,1.525,0.16062126541784805,0.0008250943990966413
midres,CDM tracers around subhalo voids,0.29,10^12 M_sol / h,all voids,1.5750000000000002,0.14610000006744261,0.0007915281778446145
midres,CDM tracers around subhalo voids,0.29,10^12 M_sol / h,all voids,1.625,0.1314528811109854,0.0007502918976382759
midres,CDM tracers around subhalo voids,0.29,10^12 M_sol / h,all voids,1.6750000000000003,0.11899308197355118,0.0007198138044546146
midres,CDM tracers around subhalo voids,0.29,10^12 M_sol / h,all voids,1.725,0.10891177876679459,0.0006904898165890986
midres,CDM tracers around subhalo voids,0.29,10^12 M_sol / h,all voids,1.775,0.0975873887579104,0.0006630643173552435
midres,CDM tracers around subhalo voids,0.29,10^12 M_sol / h,all voids,1.8250000000000002,0.08904275728035249,0.0006420339958314172
midres,CDM tracers around subhalo voids,0.29,10^12 M_sol / h,all voids,1.875,0.08174150393969071,0.000623000413409371
midres,CDM tracers around subhalo voids,0.29,10^12 M_sol / h,all voids,1.9250000000000003,0.07382686294021257,0.0005972552469309159
midres,CDM tracers around subhalo voids,0.29,10^12 M_sol / h,all voids,1.975,0.06760483450227994,0.0005746439284265328
midres,CDM tracers around subhalo voids,0.29,10^12 M_sol / h,all voids,2.0250000000000004,0.06177975437848349,0.0005584661872951893
midres,CDM tracers around subhalo voids,0.29,10^12 M_sol / h,all voids,2.075,0.05684564619560395,0.0005416964883459991
midres,CDM tracers around subhalo voids,0.29,10^12 M_sol / h,all voids,2.125,0.0522387724992357,0.0005241315969129799
midres,CDM tracers around subhalo voids,0.29,10^12 M_sol / h,all voids,2.175,0.0481139592901314,0.0005146863749441659
midres,CDM tracers around subhalo voids,0.29,10^12 M_sol / h,all voids,2.225,0.04457978802835516,0.0004913783301825574
midres,CDM tracers around subhalo voids,0.29,10^12 M_sol / h,all voids,2.2750000000000004,0.04105081402258959,0.00047998797564949823
midres,CDM tracers around subhalo voids,0.29,10^12 M_sol / h,all voids,2.325,0.037819868277082724,0.00046460636206657323
midres,CDM tracers around subhalo voids,0.29,10^12 M_sol / h,all voids,2.375,0.036159486710991784,0.00045720990352575175
midres,CDM tracers around subhalo voids,0.29,10^12 M_sol / h,all voids,2.4250000000000003,0.03310345456329733,0.0004411482265180855
midres,CDM tracers around subhalo voids,0.29,10^12 M_sol / h,all voids,2.475,0.03200410447098134,0.0004341408116245826
midres,CDM tracers around subhalo voids,0.29,10^12 M_sol / h,all voids,2.5250000000000004,0.02924770275723243,0.000420835835427578
midres,CDM tracers around subhalo voids,0.29,10^12 M_sol / h,all voids,2.575,0.027699287618541346,0.00041147539314821614
midres,CDM tracers around subhalo voids,0.29,10^12 M_sol / h,all voids,2.625,0.026204722777870337,0.0004010510420860883
midres,CDM tracers around subhalo voids,0.29,10^12 M_sol / h,all voids,2.6750000000000003,0.024626606052034594,0.00039538354692492426
midres,CDM tracers around subhalo voids,0.29,10^12 M_sol / h,all voids,2.725,0.023593522486933693,0.00038599472579440913
midres,CDM tracers around subhalo voids,0.29,10^12 M_sol / h,all voids,2.7750000000000004,0.021843004378534037,0.0003762801026932236
midres,CDM tracers around subhalo voids,0.29,10^12 M_sol / h,all voids,2.825,0.020689155978611096,0.0003712943480267176
midres,CDM tracers around subhalo voids,0.29,10^12 M_sol / h,all voids,2.875,0.019766405451246527,0.0003614437539536652
midres,CDM tracers around subhalo voids,0.29,10^12 M_sol / h,all voids,2.9250000000000003,0.01919278314145667,0.0003580354664767953
midres,CDM tracers around subhalo voids,0.29,10^12 M_sol / h,all voids,2.975,0.01803309926457275,0.000350576944615927
midres,CDM tracers around subhalo voids,0.29,10^12 M_sol / h,all voids,3.0250000000000004,0.01703668378023515,0.00034141197602533083
midres,CDM tracers around subhalo voids,0.29,10^12 M_sol / h,all voids,3.075,0.016091811866000283,0.00033614492648936876
midres,CDM tracers around subhalo voids,0.29,10^12 M_sol / h,all voids,3.125,0.01575384635473176,0.0003287697422759533
midres,CDM tracers around subhalo voids,0.29,10^12 M_sol / h,all voids,3.1750000000000003,0.014793738327649963,0.00032215307192578514
midres,CDM tracers around subhalo voids,0.29,10^12 M_sol / h,all voids,3.225,0.013868057429328395,0.0003174193633404948
midres,CDM tracers around subhalo voids,0.29,10^12 M_sol / h,all voids,3.2750000000000004,0.013598901706193267,0.00031373705775685287
midres,CDM tracers around subhalo voids,0.29,10^12 M_sol / h,all voids,3.325,0.012647954262446248,0.0003071378202697592
midres,CDM tracers around subhalo voids,0.29,10^12 M_sol / h,all voids,3.375,0.012314905527182507,0.00030275223011979685
midres,CDM tracers around subhalo voids,0.29,10^12 M_sol / h,all voids,3.4250000000000003,0.011923595987188396,0.00029685572336164587
midres,CDM tracers around subhalo voids,0.29,10^12 M_sol / h,all voids,3.475,0.01173988229899714,0.00029306652670044094
midres,CDM tracers around subhalo voids,0.29,10^12 M_sol / h,all voids,3.5250000000000004,0.011310744016132634,0.00028944529704274705
midres,CDM tracers around subhalo voids,0.29,10^12 M_sol / h,all voids,3.575,0.01086210020785483,0.00028478277639789885
midres,CDM tracers around subhalo voids,0.29,10^12 M_sol / h,all voids,3.625,0.010063168663611677,0.00028008732595684923
midres,CDM tracers around subhalo voids,0.29,10^12 M_sol / h,all voids,3.6750000000000003,0.010192054099813497,0.000275556413459927
midres,CDM tracers around subhalo voids,0.29,10^12 M_sol / h,all voids,3.725,0.010012704575742992,0.0002730924195695117
midres,CDM tracers around subhalo voids,0.29,10^12 M_sol / h,all voids,3.7750000000000004,0.009607753865554569,0.0002682932941882307
midres,CDM tracers around subhalo voids,0.29,10^12 M_sol / h,all voids,3.825,0.009388908877995705,0.00026396966740593967
midres,CDM tracers around subhalo voids,0.29,10^12 M_sol / h,all voids,3.875,0.008995983823873788,0.0002606660160542614
midres,CDM tracers around subhalo voids,0.29,10^12 M_sol / h,all voids,3.9250000000000003,0.008595137507506623,0.0002561217638605673
midres,CDM tracers around subhalo voids,0.29,10^12 M_sol / h,all voids,3.975,0.008155159979269078,0.0002534922012168764
midres,CDM tracers around subhalo voids,0.29,10^12 M_sol / h,all voids,4.025,0.007961180543592628,0.0002502812935775936
midres,CDM tracers around subhalo voids,0.29,10^12 M_sol / h,all voids,4.075,0.007817584205574546,0.00024752495704823276
midres,CDM tracers around subhalo voids,0.29,10^12 M_sol / h,all voids,4.125,0.007315644623869799,0.00024363049101268843
midres,CDM tracers around subhalo voids,0.29,10^12 M_sol / h,all voids,4.175000000000001,0.007300986129868736,0.00024139150414503646
midres,CDM tracers around subhalo voids,0.29,10^12 M_sol / h,all voids,4.225,0.006947225500182785,0.00023672868298766465
midres,CDM tracers around subhalo voids,0.29,10^12 M_sol / h,all voids,4.275,0.007046511640755426,0.00023536574681259844
midres,CDM tracers around subhalo voids,0.29,10^12 M_sol / h,all voids,4.325,0.006437846958775362,0.00023132480839835212
midres,CDM tracers around subhalo voids,0.29,10^12 M_sol / h,all voids,4.375,0.0064158047583833255,0.0002288298902126143
midres,CDM tracers around subhalo voids,0.29,10^12 M_sol / h,all voids,4.425000000000001,0.006076856225041727,0.0002259893438305784
midres,CDM tracers around subhalo voids,0.29,10^12 M_sol / h,all voids,4.475,0.005831234126539631,0.0002232811868043366
midres,CDM tracers around subhalo voids,0.29,10^12 M_sol / h,all voids,4.525,0.0056861106214123325,0.000221393406560433
midres,CDM tracers around subhalo voids,0.29,10^12 M_sol / h,all voids,4.575,0.005400489016217147,0.00021874388138129296
midres,CDM tracers around subhalo voids,0.29,10^12 M_sol / h,all voids,4.625,0.005222046758997179,0.00021567058101418536
midres,CDM tracers around subhalo voids,0.29,10^12 M_sol / h,all voids,4.675000000000001,0.005408843976291822,0.0002139601759968905
midres,CDM tracers around subhalo voids,0.29,10^12 M_sol / h,all voids,4.725,0.005027599249742609,0.00021091724081554695
midres,CDM tracers around subhalo voids,0.29,10^12 M_sol / h,all voids,4.775,0.004781104271404546,0.00020898186741432484
midres,CDM tracers around subhalo voids,0.29,10^12 M_sol / h,all voids,4.825000000000001,0.004628173776231037,0.0002064199266965489
midres,CDM tracers around subhalo voids,0.29,10^12 M_sol / h,all voids,4.875,0.004688439141708578,0.00020398268311304634
midres,CDM tracers around subhalo voids,0.29,10^12 M_sol / h,all voids,4.925000000000001,0.004581034850140053,0.00020232590394665025
midres,CDM tracers around subhalo voids,0.29,10^12 M_sol / h,all voids,4.975,0.004462280038205035,0.00020105498368136975
midres,CDM tracers around subhalo voids,0.47,10^12 M_sol / h,all voids,0.025,-0.4665265137786956,0.022201247012608828
midres,CDM tracers around subhalo voids,0.47,10^12 M_sol / h,all voids,0.07500000000000001,-0.48491739071579076,0.0076811050738074755
midres,CDM tracers around subhalo voids,0.47,10^12 M_sol / h,all voids,0.125,-0.46580310771579436,0.00491448606199159
midres,CDM tracers around subhalo voids,0.47,10^12 M_sol / h,all voids,0.17500000000000002,-0.46872233816511943,0.0035208893789859825
midres,CDM tracers around subhalo voids,0.47,10^12 M_sol / h,all voids,0.225,-0.4669873260146252,0.002743739688863979
midres,CDM tracers around subhalo voids,0.47,10^12 M_sol / h,all voids,0.275,-0.4555627793838545,0.0022122460206595628
midres,CDM tracers around subhalo voids,0.47,10^12 M_sol / h,all voids,0.32500000000000007,-0.44072025071074294,0.0018771708197796917
midres,CDM tracers around subhalo voids,0.47,10^12 M_sol / h,all voids,0.375,-0.41665169450935313,0.0016546936641452922
midres,CDM tracers around subhalo voids,0.47,10^12 M_sol / h,all voids,0.42500000000000004,-0.38730717072449405,0.0015209026174525062
midres,CDM tracers around subhalo voids,0.47,10^12 M_sol / h,all voids,0.475,-0.3461757566139959,0.00140519560618723
midres,CDM tracers around subhalo voids,0.47,10^12 M_sol / h,all voids,0.525,-0.29554757810509014,0.0013166776870655991
midres,CDM tracers around subhalo voids,0.47,10^12 M_sol / h,all voids,0.5750000000000001,-0.23866388190913945,0.0012621950651257514
midres,CDM tracers around subhalo voids,0.47,10^12 M_sol / h,all voids,0.625,-0.16822388251632092,0.0012565638561535105
midres,CDM tracers around subhalo voids,0.47,10^12 M_sol / h,all voids,0.675,-0.09634058153095437,0.0012227578805388208
midres,CDM tracers around subhalo voids,0.47,10^12 M_sol / h,all voids,0.7250000000000001,-0.023003617967439216,0.0012142182300382439
midres,CDM tracers around subhalo voids,0.47,10^12 M_sol / h,all voids,0.775,0.047307549772916735,0.0012138944388725742
midres,CDM tracers around subhalo voids,0.47,10^12 M_sol / h,all voids,0.8250000000000001,0.10850021961284417,0.0011988907246793536
midres,CDM tracers around subhalo voids,0.47,10^12 M_sol / h,all voids,0.875,0.15842840344988263,0.0011841513766228295
midres,CDM tracers around subhalo voids,0.47,10^12 M_sol / h,all voids,0.925,0.19917092745984966,0.0011569135626057626
midres,CDM tracers around subhalo voids,0.47,10^12 M_sol / h,all voids,0.9750000000000001,0.226532649935693,0.0011412909306566976
midres,CDM tracers around subhalo voids,0.47,10^12 M_sol / h,all voids,1.025,0.24402941366021635,0.001115527056590539
midres,CDM tracers around subhalo voids,0.47,10^12 M_sol / h,all voids,1.0750000000000002,0.25198140262251667,0.0010788826094578832
midres,CDM tracers around subhalo voids,0.47,10^12 M_sol / h,all voids,1.125,0.25080867810655905,0.00104049856745505
midres,CDM tracers around subhalo voids,0.47,10^12 M_sol / h,all voids,1.1750000000000003,0.24473393820271339,0.0010067455062357153
midres,CDM tracers around subhalo voids,0.47,10^12 M_sol / h,all voids,1.225,0.23339567233029923,0.0009625234614029574
midres,CDM tracers around subhalo voids,0.47,10^12 M_sol / h,all voids,1.275,0.22175798343853081,0.0009291879248427251
midres,CDM tracers around subhalo voids,0.47,10^12 M_sol / h,all voids,1.3250000000000002,0.2070927154937814,0.000894602464896803
midres,CDM tracers around subhalo voids,0.47,10^12 M_sol / h,all voids,1.375,0.19275941012963038,0.0008626091781264392
midres,CDM tracers around subhalo voids,0.47,10^12 M_sol / h,all voids,1.4250000000000003,0.17559474462908975,0.00082212035154419
midres,CDM tracers around subhalo voids,0.47,10^12 M_sol / h,all voids,1.475,0.16010756415764837,0.0007863530442580353
midres,CDM tracers around subhalo voids,0.47,10^12 M_sol / h,all voids,1.525,0.1464690409066527,0.0007545965158502503
midres,CDM tracers around subhalo voids,0.47,10^12 M_sol / h,all voids,1.5750000000000002,0.13233354290299038,0.000719206636172346
midres,CDM tracers around subhalo voids,0.47,10^12 M_sol / h,all voids,1.625,0.12069568388877938,0.000698180440879944
midres,CDM tracers around subhalo voids,0.47,10^12 M_sol / h,all voids,1.6750000000000003,0.10892122379989466,0.0006708389870961731
midres,CDM tracers around subhalo voids,0.47,10^12 M_sol / h,all voids,1.725,0.09861018356009899,0.0006438052845180554
midres,CDM tracers around subhalo voids,0.47,10^12 M_sol / h,all voids,1.775,0.08910706429042414,0.000622130274912151
midres,CDM tracers around subhalo voids,0.47,10^12 M_sol / h,all voids,1.8250000000000002,0.08101392762709203,0.0005990494851015932
midres,CDM tracers around subhalo voids,0.47,10^12 M_sol / h,all voids,1.875,0.07347078050705202,0.0005744755123873128
midres,CDM tracers around subhalo voids,0.47,10^12 M_sol / h,all voids,1.9250000000000003,0.06671229447764526,0.0005565124075495578
midres,CDM tracers around subhalo voids,0.47,10^12 M_sol / h,all voids,1.975,0.061538018715372456,0.0005378478322165735
midres,CDM tracers around subhalo voids,0.47,10^12 M_sol / h,all voids,2.0250000000000004,0.05639942602793213,0.0005250226212188254
midres,CDM tracers around subhalo voids,0.47,10^12 M_sol / h,all voids,2.075,0.05146042775489468,0.0005075712254673248
midres,CDM tracers around subhalo voids,0.47,10^12 M_sol / h,all voids,2.125,0.04703693360763794,0.0004908650701440945
midres,CDM tracers around subhalo voids,0.47,10^12 M_sol / h,all voids,2.175,0.043782298473972636,0.00047809490882479817
midres,CDM tracers around subhalo voids,0.47,10^12 M_sol / h,all voids,2.225,0.040680437474594155,0.0004655579570718291
midres,CDM tracers around subhalo voids,0.47,10^12 M_sol / h,all voids,2.2750000000000004,0.03649089829315755,0.0004490351753178555
midres,CDM tracers around subhalo voids,0.47,10^12 M_sol / h,all voids,2.325,0.03439177322791731,0.0004372862252068172
midres,CDM tracers around subhalo voids,0.47,10^12 M_sol / h,all voids,2.375,0.032742707330865706,0.0004258612666746934
midres,CDM tracers around subhalo voids,0.47,10^12 M_sol / h,all voids,2.4250000000000003,0.03008862978081539,0.0004163583290126252
midres,CDM tracers around subhalo voids,0.47,10^12 M_sol / h,all voids,2.475,0.027982217158191824,0.00040727766798284276
midres,CDM tracers around subhalo voids,0.47,10^12 M_sol / h,all voids,2.5250000000000004,0.025821969409850265,0.0003964086487584923
midres,CDM tracers around subhalo voids,0.47,10^12 M_sol / h,all voids,2.575,0.02500174963137658,0.00038612447036111915
midres,CDM tracers around subhalo voids,0.47,10^12 M_sol / h,all voids,2.625,0.02311128123895223,0.0003762957470999434
midres,CDM tracers around subhalo voids,0.47,10^12 M_sol / h,all voids,2.6750000000000003,0.02164303891172903,0.000369269340580294
midres,CDM tracers around subhalo voids,0.47,10^12 M_sol / h,all voids,2.725,0.02012742904292808,0.00036079801053487604
midres,CDM tracers around subhalo voids,0.47,10^12 M_sol / h,all voids,2.7750000000000004,0.019298552712732286,0.00035277199389533034
midres,CDM tracers around subhalo voids,0.47,10^12 M_sol / h,all voids,2.825,0.01798061341808621,0.0003461673570858609
midres,CDM tracers around subhalo voids,0.47,10^12 M_sol / h,all voids,2.875,0.017231949314029826,0.000340054415256936
midres,CDM tracers around subhalo voids,0.47,10^12 M_sol / h,all voids,2.9250000000000003,0.01674005258035649,0.00033478363689290534
midres,CDM tracers around subhalo voids,0.47,10^12 M_sol / h,all voids,2.975,0.01595083871982106,0.00032752471375763377
midres,CDM tracers around subhalo voids,0.47,10^12 M_sol / h,all voids,3.0250000000000004,0.01486411953750566,0.00032125417354765133
midres,CDM tracers around subhalo voids,0.47,10^12 M_sol / h,all voids,3.075,0.01439466869933459,0.00031477909592694185
midres,CDM tracers around subhalo voids,0.47,10^12 M_sol / h,all voids,3.125,0.013535360312716849,0.00030874607739368585
midres,CDM tracers around subhalo voids,0.47,10^12 M_sol / h,all voids,3.1750000000000003,0.013116319039343516,0.0003039048080545577
midres,CDM tracers around subhalo voids,0.47,10^12 M_sol / h,all voids,3.225,0.012406538107013532,0.0002990904142205775
midres,CDM tracers around subhalo voids,0.47,10^12 M_sol / h,all voids,3.2750000000000004,0.011795314620796749,0.0002938728426919951
midres,CDM tracers around subhalo voids,0.47,10^12 M_sol / h,all voids,3.325,0.01144463549816721,0.0002892611284209603
midres,CDM tracers around subhalo voids,0.47,10^12 M_sol / h,all voids,3.375,0.010613670484770354,0.00028352453377860465
midres,CDM tracers around subhalo voids,0.47,10^12 M_sol / h,all voids,3.4250000000000003,0.01003689173082889,0.00027986969979749786
midres,CDM tracers around subhalo voids,0.47,10^12 M_sol / h,all voids,3.475,0.010201102398418316,0.00027577519749155536
midres,CDM tracers around subhalo voids,0.47,10^12 M_sol / h,all voids,3.5250000000000004,0.010217378602782379,0.00027322137079034193
midres,CDM tracers around subhalo voids,0.47,10^12 M_sol / h,all voids,3.575,0.009245506068896958,0.0002665659341517815
midres,CDM tracers around subhalo voids,0.47,10^12 M_sol / h,all voids,3.625,0.009095348332052389,0.00026295084018777034
midres,CDM tracers around subhalo voids,0.47,10^12 M_sol / h,all voids,3.6750000000000003,0.008576585047540108,0.00025898948492779307
midres,CDM tracers around subhalo voids,0.47,10^12 M_sol / h,all voids,3.725,0.008148183691957245,0.00025610418225809853
midres,CDM tracers around subhalo voids,0.47,10^12 M_sol / h,all voids,3.7750000000000004,0.00807677024900988,0.00025245131531977664
midres,CDM tracers around subhalo voids,0.47,10^12 M_sol / h,all voids,3.825,0.00793396787975964,0.0002480446578775633
midres,CDM tracers around subhalo voids,0.47,10^12 M_sol / h,all voids,3.875,0.00732448409329467,0.0002445051223716406
midres,CDM tracers around subhalo voids,0.47,10^12 M_sol / h,all voids,3.9250000000000003,0.007429566441607083,0.00024340269775943116
midres,CDM tracers around subhalo voids,0.47,10^12 M_sol / h,all voids,3.975,0.006966673292699177,0.00023813857401362853
midres,CDM tracers around subhalo voids,0.47,10^12 M_sol / h,all voids,4.025,0.006791427385267834,0.0002359587025308215
midres,CDM tracers around subhalo voids,0.47,10^12 M_sol / h,all voids,4.075,0.006646656235984372,0.00023340229258731425
midres,CDM tracers around subhalo voids,0.47,10^12 M_sol / h,all voids,4.125,0.006202871859785519,0.00022986031830000286
midres,CDM tracers around subhalo voids,0.47,10^12 M_sol / h,all voids,4.175000000000001,0.006094839128698792,0.0002277713529698911
midres,CDM tracers around subhalo voids,0.47,10^12 M_sol / h,all voids,4.225,0.006136071642739438,0.00022439726986218703
midres,CDM tracers around subhalo voids,0.47,10^12 M_sol / h,all voids,4.275,0.005975318161138388,0.0002217635134169451
midres,CDM tracers around subhalo voids,0.47,10^12 M_sol / h,all voids,4.325,0.005583797847043659,0.00021893578485259173
midres,CDM tracers around subhalo voids,0.47,10^12 M_sol / h,all voids,4.375,0.00554012471381049,0.0002160623908444562
midres,CDM tracers around subhalo voids,0.47,10^12 M_sol / h,all voids,4.425000000000001,0.0053016518853530314,0.00021363945441927736
midres,CDM tracers around subhalo voids,0.47,10^12 M_sol / h,all voids,4.475,0.005212013696632489,0.00021107062475954292
midres,CDM tracers around subhalo voids,0.47,10^12 M_sol / h,all voids,4.525,0.00502219237374546,0.00020956051472434162
midres,CDM tracers around subhalo voids,0.47,10^12 M_sol / h,all voids,4.575,0.004883270709994836,0.00020658664274240016
midres,CDM tracers around subhalo voids,0.47,10^12 M_sol / h,all voids,4.625,0.00476551806675829,0.00020439798193773548
midres,CDM tracers around subhalo voids,0.47,10^12 M_sol / h,all voids,4.675000000000001,0.004408607815521215,0.0002005940570588656
midres,CDM tracers around subhalo voids,0.47,10^12 M_sol / h,all voids,4.725,0.004445435791868846,0.00020085889262559393
midres,CDM tracers around subhalo voids,0.47,10^12 M_sol / h,all voids,4.775,0.004571733417117807,0.0001979563946472839
midres,CDM tracers around subhalo voids,0.47,10^12 M_sol / h,all voids,4.825000000000001,0.004288413472826713,0.00019547727243124821
midres,CDM tracers around subhalo voids,0.47,10^12 M_sol / h,all voids,4.875,0.0041047429203624475,0.0001939870213473752
midres,CDM tracers around subhalo voids,0.47,10^12 M_sol / h,all voids,4.925000000000001,0.003767649810939133,0.00019192737190888546
midres,CDM tracers around subhalo voids,0.47,10^12 M_sol / h,all voids,4.975,0.0038268909863972134,0.00018979262410256473
midres,CDM tracers around subhalo voids,0.67,10^12 M_sol / h,all voids,0.025,-0.45676258290518146,0.017894522737779528
midres,CDM tracers around subhalo voids,0.67,10^12 M_sol / h,all voids,0.07500000000000001,-0.4293895452903319,0.008167124726752085
midres,CDM tracers around subhalo voids,0.67,10^12 M_sol / h,all voids,0.125,-0.4363882824738168,0.004880310418457798
midres,CDM tracers around subhalo voids,0.67,10^12 M_sol / h,all voids,0.17500000000000002,-0.4327005414518814,0.003474788297609679
midres,CDM tracers around subhalo voids,0.67,10^12 M_sol / h,all voids,0.225,-0.43120779230046025,0.0027156745242762153
midres,CDM tracers around subhalo voids,0.67,10^12 M_sol / h,all voids,0.275,-0.4177662139453384,0.002298694189481613
midres,CDM tracers around subhalo voids,0.67,10^12 M_sol / h,all voids,0.32500000000000007,-0.40522446578067506,0.0018352728796497428
midres,CDM tracers around subhalo voids,0.67,10^12 M_sol / h,all voids,0.375,-0.3841390154900619,0.0016401027231080668
midres,CDM tracers around subhalo voids,0.67,10^12 M_sol / h,all voids,0.42500000000000004,-0.3581182698226246,0.0014453639084373291
midres,CDM tracers around subhalo voids,0.67,10^12 M_sol / h,all voids,0.475,-0.3176367609555335,0.0013539846012294789
midres,CDM tracers around subhalo voids,0.67,10^12 M_sol / h,all voids,0.525,-0.2717330517329076,0.0012913296942356186
midres,CDM tracers around subhalo voids,0.67,10^12 M_sol / h,all voids,0.5750000000000001,-0.2166292792872868,0.0012313311888982937
midres,CDM tracers around subhalo voids,0.67,10^12 M_sol / h,all voids,0.625,-0.15484382829427512,0.0011821704642400413
midres,CDM tracers around subhalo voids,0.67,10^12 M_sol / h,all voids,0.675,-0.08616649588611935,0.0011805096074979182
midres,CDM tracers around subhalo voids,0.67,10^12 M_sol / h,all voids,0.7250000000000001,-0.01949220520906092,0.0011556493730017832
midres,CDM tracers around subhalo voids,0.67,10^12 M_sol / h,all voids,0.775,0.041659336433816474,0.0011300476623806808
midres,CDM tracers around subhalo voids,0.67,10^12 M_sol / h,all voids,0.8250000000000001,0.09775252001324564,0.001126315145130662
midres,CDM tracers around subhalo voids,0.67,10^12 M_sol / h,all voids,0.875,0.14512813259428547,0.001108280267927436
midres,CDM tracers around subhalo voids,0.67,10^12 M_sol / h,all voids,0.925,0.18073540420194778,0.0010917902631208223
midres,CDM tracers around subhalo voids,0.67,10^12 M_sol / h,all voids,0.9750000000000001,0.20663150357300286,0.0010690946161616792
midres,CDM tracers around subhalo voids,0.67,10^12 M_sol / h,all voids,1.025,0.22099626703271325,0.0010361373900866794
midres,CDM tracers around subhalo voids,0.67,10^12 M_sol / h,all voids,1.0750000000000002,0.22742463944326352,0.0010068968049752563
midres,CDM tracers around subhalo voids,0.67,10^12 M_sol / h,all voids,1.125,0.22946302704915467,0.0009723784673002638
midres,CDM tracers around subhalo voids,0.67,10^12 M_sol / h,all voids,1.1750000000000003,0.2213527542776561,0.0009329879246244645
midres,CDM tracers around subhalo voids,0.67,10^12 M_sol / h,all voids,1.225,0.21263177514510168,0.0008997669220193015
midres,CDM tracers around subhalo voids,0.67,10^12 M_sol / h,all voids,1.275,0.20147773638984878,0.0008620183350314351
midres,CDM tracers around subhalo voids,0.67,10^12 M_sol / h,all voids,1.3250000000000002,0.1894695402987081,0.0008331190853370861
midres,CDM tracers around subhalo voids,0.67,10^12 M_sol / h,all voids,1.375,0.17323226978629225,0.0007878451933715845
midres,CDM tracers around subhalo voids,0.67,10^12 M_sol / h,all voids,1.4250000000000003,0.15974534344990432,0.0007682891512186262
midres,CDM tracers around subhalo voids,0.67,10^12 M_sol / h,all voids,1.475,0.1463140699823482,0.0007408691354656232
midres,CDM tracers around subhalo voids,0.67,10^12 M_sol / h,all voids,1.525,0.13378656332070737,0.0007100319376327553
midres,CDM tracers around subhalo voids,0.67,10^12 M_sol / h,all voids,1.5750000000000002,0.12080113715118723,0.0006815099582323418
midres,CDM tracers around subhalo voids,0.67,10^12 M_sol / h,all voids,1.625,0.10841069612041121,0.0006505221628858609
midres,CDM tracers around subhalo voids,0.67,10^12 M_sol / h,all voids,1.6750000000000003,0.09876519637006576,0.0006269496617744742
midres,CDM tracers around subhalo voids,0.67,10^12 M_sol / h,all voids,1.725,0.08944398421224786,0.000602857586406528
midres,CDM tracers around subhalo voids,0.67,10^12 M_sol / h,all voids,1.775,0.08053531474181419,0.0005762278598343748
midres,CDM tracers around subhalo voids,0.67,10^12 M_sol / h,all voids,1.8250000000000002,0.07341539665125962,0.0005591822873113319
midres,CDM tracers around subhalo voids,0.67,10^12 M_sol / h,all voids,1.875,0.066335866149549,0.0005342503350284048
midres,CDM tracers around subhalo voids,0.67,10^12 M_sol / h,all voids,1.9250000000000003,0.06072298964749634,0.000520873369156734
midres,CDM tracers around subhalo voids,0.67,10^12 M_sol / h,all voids,1.975,0.05548121459008826,0.0005027966367584284
midres,CDM tracers around subhalo voids,0.67,10^12 M_sol / h,all voids,2.0250000000000004,0.05084425615954058,0.0004890568325269458
midres,CDM tracers around subhalo voids,0.67,10^12 M_sol / h,all voids,2.075,0.04608552962279311,0.00047713361157936547
midres,CDM tracers around subhalo voids,0.67,10^12 M_sol / h,all voids,2.125,0.04279753731374991,0.00046359027302444593
midres,CDM tracers around subhalo voids,0.67,10^12 M_sol / h,all voids,2.175,0.039427663814929126,0.0004493516148110294
midres,CDM tracers around subhalo voids,0.67,10^12 M_sol / h,all voids,2.225,0.03596616531499608,0.0004342305538800614
midres,CDM tracers around subhalo voids,0.67,10^12 M_sol / h,all voids,2.2750000000000004,0.03285580989212544,0.0004221530293165628
midres,CDM tracers around subhalo voids,0.67,10^12 M_sol / h,all voids,2.325,0.0302430321061673,0.0004091525977453778
midres,CDM tracers around subhalo voids,0.67,10^12 M_sol / h,all voids,2.375,0.02838464653970929,0.00039966184055659275
midres,CDM tracers around subhalo voids,0.67,10^12 M_sol / h,all voids,2.4250000000000003,0.02583997930149251,0.00038733473774476017
midres,CDM tracers around subhalo voids,0.67,10^12 M_sol / h,all voids,2.475,0.024277421807202826,0.0003791995913852675
midres,CDM tracers around subhalo voids,0.67,10^12 M_sol / h,all voids,2.5250000000000004,0.02310083275044983,0.000371544168917425
midres,CDM tracers around subhalo voids,0.67,10^12 M_sol / h,all voids,2.575,0.021695728180176177,0.00036289286188576634
midres,CDM tracers around subhalo voids,0.67,10^12 M_sol / h,all voids,2.625,0.020342874099974484,0.0003541931953967899
midres,CDM tracers around subhalo voids,0.67,10^12 M_sol / h,all voids,2.6750000000000003,0.01892568750459711,0.00034600183613138784
midres,CDM tracers around subhalo voids,0.67,10^12 M_sol / h,all voids,2.725,0.018151899776707836,0.0003415180126556214
midres,CDM tracers around subhalo voids,0.67,10^12 M_sol / h,all voids,2.7750000000000004,0.016822820447822684,0.00033402539299142033
midres,CDM tracers around subhalo voids,0.67,10^12 M_sol / h,all voids,2.825,0.015785142478536462,0.000327526145421358
midres,CDM tracers around subhalo voids,0.67,10^12 M_sol / h,all voids,2.875,0.015404775305963181,0.0003197028199396501
midres,CDM tracers around subhalo voids,0.67,10^12 M_sol / h,all voids,2.9250000000000003,0.013770641329736488,0.00031187724741796416
midres,CDM tracers around subhalo voids,0.67,10^12 M_sol / h,all voids,2.975,0.01379870997270527,0.0003084139309853718
midres,CDM tracers around subhalo voids,0.67,10^12 M_sol / h,all voids,3.0250000000000004,0.013353672799644167,0.0003021516239371507
midres,CDM tracers around subhalo voids,0.67,10^12 M_sol / h,all voids,3.075,0.012531894597760385,0.0002972463874913319
midres,CDM tracers around subhalo voids,0.67,10^12 M_sol / h,all voids,3.125,0.011990572187270843,0.00029204589993693574
midres,CDM tracers around subhalo voids,0.67,10^12 M_sol / h,all voids,3.1750000000000003,0.011516835348442722,0.00028649594278094435
midres,CDM tracers around subhalo voids,0.67,10^12 M_sol / h,all voids,3.225,0.010869355089829336,0.000281401966726929
midres,CDM tracers around subhalo voids,0.67,10^12 M_sol / h,all voids,3.2750000000000004,0.010132091576219082,0.00027692580400693223
midres,CDM tracers around subhalo voids,0.67,10^12 M_sol / h,all voids,3.325,0.010015310155438328,0.00027288171087605625
midres,CDM tracers around subhalo voids,0.67,10^12 M_sol / h,all voids,3.375,0.009602627720391554,0.00026776175267679897
midres,CDM tracers around subhalo voids,0.67,10^12 M_sol / h,all voids,3.4250000000000003,0.009477297137091334,0.00026385488349322915
midres,CDM tracers around subhalo voids,0.67,10^12 M_sol / h,all voids,3.475,0.00889581091621805,0.0002588529939549653
midres,CDM tracers around subhalo voids,0.67,10^12 M_sol / h,all voids,3.5250000000000004,0.008186056198828728,0.00025448276142610353
midres,CDM tracers around subhalo voids,0.67,10^12 M_sol / h,all voids,3.575,0.008330272302758734,0.00025040374809098836
midres,CDM tracers around subhalo voids,0.67,10^12 M_sol / h,all voids,3.625,0.007949942688894707,0.0002474262233237002
midres,CDM tracers around subhalo voids,0.67,10^12 M_sol / h,all voids,3.6750000000000003,0.0077144843364929105,0.00024403424979400892
midres,CDM tracers around subhalo voids,0.67,10^12 M_sol / h,all voids,3.725,0.007263947418428174,0.00024105602582388778
midres,CDM tracers around subhalo voids,0.67,10^12 M_sol / h,all voids,3.7750000000000004,0.006908139617418652,0.0002371502823628584
midres,CDM tracers around subhalo voids,0.67,10^12 M_sol / h,all voids,3.825,0.006723591188973144,0.00023384372755152864
midres,CDM tracers around subhalo voids,0.67,10^12 M_sol / h,all voids,3.875,0.00690690359398527,0.00023154590565157976
midres,CDM tracers around subhalo voids,0.67,10^12 M_sol / h,all voids,3.9250000000000003,0.006187698889734472,0.00022784511135031982
midres,CDM tracers around subhalo voids,0.67,10^12 M_sol / h,all voids,3.975,0.00584538193284545,0.000223819657963756
midres,CDM tracers around subhalo voids,0.67,10^12 M_sol / h,all voids,4.025,0.006031701205430062,0.0002218783815364543
midres,CDM tracers around subhalo voids,0.67,10^12 M_sol / h,all voids,4.075,0.0055921999990808935,0.00021881049999862836
midres,CDM tracers around subhalo voids,0.67,10^12 M_sol / h,all voids,4.125,0.005555746070408096,0.00021679603621806165
midres,CDM tracers around subhalo voids,0.67,10^12 M_sol / h,all voids,4.175000000000001,0.005691652189328655,0.0002141094617025816
midres,CDM tracers around subhalo voids,0.67,10^12 M_sol / h,all voids,4.225,0.005296037497547257,0.0002105685317103572
midres,CDM tracers around subhalo voids,0.67,10^12 M_sol / h,all voids,4.275,0.005050103237253412,0.0002091837236054424
midres,CDM tracers around subhalo voids,0.67,10^12 M_sol / h,all voids,4.325,0.004799464792096586,0.00020711739877377536
midres,CDM tracers around subhalo voids,0.67,10^12 M_sol / h,all voids,4.375,0.004815156274797339,0.00020381114583281967
midres,CDM tracers around subhalo voids,0.67,10^12 M_sol / h,all voids,4.425000000000001,0.0044968163498477765,0.0002011104491540417
midres,CDM tracers around subhalo voids,0.67,10^12 M_sol / h,all voids,4.475,0.004397631668117352,0.00019877341178222544
midres,CDM tracers around subhalo voids,0.67,10^12 M_sol / h,all voids,4.525,0.004471204030046083,0.00019736237590726048
midres,CDM tracers around subhalo voids,0.67,10^12 M_sol / h,all voids,4.575,0.004107391231902735,0.000194670226401774
midres,CDM tracers around subhalo voids,0.67,10^12 M_sol / h,all voids,4.625,0.004003613489994118,0.00019240130028794835
midres,CDM tracers around subhalo voids,0.67,10^12 M_sol / h,all voids,4.675000000000001,0.003884827700548321,0.0001912506404971
midres,CDM tracers around subhalo voids,0.67,10^12 M_sol / h,all voids,4.725,0.003918778147176782,0.000188058742284605
midres,CDM tracers around subhalo voids,0.67,10^12 M_sol / h,all voids,4.775,0.0037820599687392598,0.00018628275412406776
midres,CDM tracers around subhalo voids,0.67,10^12 M_sol / h,all voids,4.825000000000001,0.003860307728101642,0.00018442523393766733
midres,CDM tracers around subhalo voids,0.67,10^12 M_sol / h,all voids,4.875,0.0037833539551841433,0.00018300059959316074
midres,CDM tracers around subhalo voids,0.67,10^12 M_sol / h,all voids,4.925000000000001,0.003814563291474782,0.0001804128630633843
midres,CDM tracers around subhalo voids,0.67,10^12 M_sol / h,all voids,4.975,0.0036190761003060956,0.00017785636777053386
midres,CDM tracers around subhalo voids,0.90,10^12 M_sol / h,all voids,0.025,-0.4228553906129435,0.01831810076481153
midres,CDM tracers around subhalo voids,0.90,10^12 M_sol / h,all voids,0.07500000000000001,-0.40262313990973575,0.007896570887570021
midres,CDM tracers around subhalo voids,0.90,10^12 M_sol / h,all voids,0.125,-0.394406225463134,0.005122376084459057
midres,CDM tracers around subhalo voids,0.90,10^12 M_sol / h,all voids,0.17500000000000002,-0.39438344125783453,0.0033806175049325687
midres,CDM tracers around subhalo voids,0.90,10^12 M_sol / h,all voids,0.225,-0.39078347773294775,0.002696603790932503
midres,CDM tracers around subhalo voids,0.90,10^12 M_sol / h,all voids,0.275,-0.37776566275397194,0.002209564568798255
midres,CDM tracers around subhalo voids,0.90,10^12 M_sol / h,all voids,0.32500000000000007,-0.36441785725291087,0.0018640484481418508
midres,CDM tracers around subhalo voids,0.90,10^12 M_sol / h,all voids,0.375,-0.3456421914219957,0.0016646232857982952
midres,CDM tracers around subhalo voids,0.90,10^12 M_sol / h,all voids,0.42500000000000004,-0.32053701859937467,0.001460146311479753
midres,CDM tracers around subhalo voids,0.90,10^12 M_sol / h,all voids,0.475,-0.2845051719807,0.001360261731649711
midres,CDM tracers around subhalo voids,0.90,10^12 M_sol / h,all voids,0.525,-0.24288002633013817,0.0012637871331969029
midres,CDM tracers around subhalo voids,0.90,10^12 M_sol / h,all voids,0.5750000000000001,-0.19468946162719858,0.001195172979395063
midres,CDM tracers around subhalo voids,0.90,10^12 M_sol / h,all voids,0.625,-0.1389762838617037,0.0011574896157050272
midres,CDM tracers around subhalo voids,0.90,10^12 M_sol / h,all voids,0.675,-0.08153876432854024,0.001108494625745859
midres,CDM tracers around subhalo voids,0.90,10^12 M_sol / h,all voids,0.7250000000000001,-0.017896644268154183,0.001094608142532076
midres,CDM tracers around subhalo voids,0.90,10^12 M_sol / h,all voids,0.775,0.03520441999597357,0.0010788416107522395
midres,CDM tracers around subhalo voids,0.90,10^12 M_sol / h,all voids,0.8250000000000001,0.08325079472903685,0.0010494263777124132
midres,CDM tracers around subhalo voids,0.90,10^12 M_sol / h,all voids,0.875,0.12693073222328266,0.0010304829456712428
midres,CDM tracers around subhalo voids,0.90,10^12 M_sol / h,all voids,0.925,0.15634223361300692,0.0010001235499764792
midres,CDM tracers around subhalo voids,0.90,10^12 M_sol / h,all voids,0.9750000000000001,0.17745040226784736,0.0009811280184049403
midres,CDM tracers around subhalo voids,0.90,10^12 M_sol / h,all voids,1.025,0.19241158889195709,0.0009523735511433542
midres,CDM tracers around subhalo voids,0.90,10^12 M_sol / h,all voids,1.0750000000000002,0.1994908376939417,0.0009279752660470264
midres,CDM tracers around subhalo voids,0.90,10^12 M_sol / h,all voids,1.125,0.20026450413792074,0.0009005520281713038
midres,CDM tracers around subhalo voids,0.90,10^12 M_sol / h,all voids,1.1750000000000003,0.19615088828870486,0.000863353538336311
midres,CDM tracers around subhalo voids,0.90,10^12 M_sol / h,all voids,1.225,0.1879348028026553,0.0008333909983607209
midres,CDM tracers around subhalo voids,0.90,10^12 M_sol / h,all voids,1.275,0.17902728789982758,0.0008051583283040579
midres,CDM tracers around subhalo voids,0.90,10^12 M_sol / h,all voids,1.3250000000000002,0.1671546952471321,0.0007680279304825128
midres,CDM tracers around subhalo voids,0.90,10^12 M_sol / h,all voids,1.375,0.15392491384725204,0.0007356101199690458
midres,CDM tracers around subhalo voids,0.90,10^12 M_sol / h,all voids,1.4250000000000003,0.14083953972271335,0.0007135825133034187
midres,CDM tracers around subhalo voids,0.90,10^12 M_sol / h,all voids,1.475,0.13024696896864385,0.0006892144295880493
midres,CDM tracers around subhalo voids,0.90,10^12 M_sol / h,all voids,1.525,0.11762483203528751,0.0006548645409505279
midres,CDM tracers around subhalo voids,0.90,10^12 M_sol / h,all voids,1.5750000000000002,0.10676622242781653,0.0006322104909029548
midres,CDM tracers around subhalo voids,0.90,10^12 M_sol / h,all voids,1.625,0.09653282571433897,0.0006066725152966568
midres,CDM tracers around subhalo voids,0.90,10^12 M_sol / h,all voids,1.6750000000000003,0.08790205896490089,0.0005853013623753997
midres,CDM tracers around subhalo voids,0.90,10^12 M_sol / h,all voids,1.725,0.07985641118813236,0.0005665395754944141
midres,CDM tracers around subhalo voids,0.90,10^12 M_sol / h,all voids,1.775,0.07145383297985042,0.0005421713721160944
midres,CDM tracers around subhalo voids,0.90,10^12 M_sol / h,all voids,1.8250000000000002,0.0646765771186939,0.0005265372986067601
midres,CDM tracers around subhalo voids,0.90,10^12 M_sol / h,all voids,1.875,0.05871437103132071,0.0005047079720854911
midres,CDM tracers around subhalo voids,0.90,10^12 M_sol / h,all voids,1.9250000000000003,0.05293011019925231,0.0004877554896825703
midres,CDM tracers around subhalo voids,0.90,10^12 M_sol / h,all voids,1.975,0.04869971246682625,0.00047607299437702963
midres,CDM tracers around subhalo voids,0.90,10^12 M_sol / h,all voids,2.0250000000000004,0.04386779899029247,0.0004591601173923334
midres,CDM tracers around subhalo voids,0.90,10^12 M_sol / h,all voids,2.075,0.04029060267051543,0.0004459234573709978
midres,CDM tracers around subhalo voids,0.90,10^12 M_sol / h,all voids,2.125,0.037224261227926325,0.0004330113179067596
midres,CDM tracers around subhalo voids,0.90,10^12 M_sol / h,all voids,2.175,0.033613349313138086,0.0004179817979174457
midres,CDM tracers around subhalo voids,0.90,10^12 M_sol / h,all voids,2.225,0.031206392429911745,0.0004080771497387348
midres,CDM tracers around subhalo voids,0.90,10^12 M_sol / h,all voids,2.2750000000000004,0.02907457643964184,0.0003964345499346834
midres,CDM tracers around subhalo voids,0.90,10^12 M_sol / h,all voids,2.325,0.0267844517368645,0.0003873248903458432
midres,CDM tracers around subhalo voids,0.90,10^12 M_sol / h,all voids,2.375,0.024590803613504075,0.0003775700542952446
midres,CDM tracers around subhalo voids,0.90,10^12 M_sol / h,all voids,2.4250000000000003,0.022956402780426988,0.00036722264254567666
midres,CDM tracers around subhalo voids,0.90,10^12 M_sol / h,all voids,2.475,0.021926472753385884,0.0003601915960908
midres,CDM tracers around subhalo voids,0.90,10^12 M_sol / h,all voids,2.5250000000000004,0.020177871122853297,0.0003506945498953881
midres,CDM tracers around subhalo voids,0.90,10^12 M_sol / h,all voids,2.575,0.01877021130857992,0.00034266864563938827
midres,CDM tracers around subhalo voids,0.90,10^12 M_sol / h,all voids,2.625,0.017497417773852497,0.00033485844997394276
midres,CDM tracers around subhalo voids,0.90,10^12 M_sol / h,all voids,2.6750000000000003,0.016649580252992235,0.00032681058366611606
midres,CDM tracers around subhalo voids,0.90,10^12 M_sol / h,all voids,2.725,0.015578681079489787,0.0003198700436105237
midres,CDM tracers around subhalo voids,0.90,10^12 M_sol / h,all voids,2.7750000000000004,0.014875862163321374,0.0003140290799343948
midres,CDM tracers around subhalo voids,0.90,10^12 M_sol / h,all voids,2.825,0.01366864750502872,0.00030689256335090647
midres,CDM tracers around subhalo voids,0.90,10^12 M_sol / h,all voids,2.875,0.013363395208017659,0.00030356024624194597
midres,CDM tracers around subhalo voids,0.90,10^12 M_sol / h,all voids,2.9250000000000003,0.012611445392083365,0.00029646315623019464
midres,CDM tracers around subhalo voids,0.90,10^12 M_sol / h,all voids,2.975,0.011812345207399266,0.0002905096452970136
midres,CDM tracers around subhalo voids,0.90,10^12 M_sol / h,all voids,3.0250000000000004,0.01118651020224859,0.0002869010691675742
midres,CDM tracers around subhalo voids,0.90,10^12 M_sol / h,all voids,3.075,0.01065283168016573,0.000280287903496472
midres,CDM tracers around subhalo voids,0.90,10^12 M_sol / h,all voids,3.125,0.01011682452882745,0.00027660769407036943
midres,CDM tracers around subhalo voids,0.90,10^12 M_sol / h,all voids,3.1750000000000003,0.00981623660382902,0.0002720781804036392
midres,CDM tracers around subhalo voids,0.90,10^12 M_sol / h,all voids,3.225,0.008959602399099875,0.0002646042144327499
midres,CDM tracers around subhalo voids,0.90,10^12 M_sol / h,all voids,3.2750000000000004,0.008809061888759517,0.00026170822063604365
midres,CDM tracers around subhalo voids,0.90,10^12 M_sol / h,all voids,3.325,0.00841973608768476,0.00025790740051432346
midres,CDM tracers around subhalo voids,0.90,10^12 M_sol / h,all voids,3.375,0.00813122149682255,0.0002519854134505548
midres,CDM tracers around subhalo voids,0.90,10^12 M_sol / h,all voids,3.4250000000000003,0.0073982335187461334,0.00024920084247699245
midres,CDM tracers around subhalo voids,0.90,10^12 M_sol / h,all voids,3.475,0.007514449008932056,0.0002462579593402981
midres,CDM tracers around subhalo voids,0.90,10^12 M_sol / h,all voids,3.5250000000000004,0.007242307407025583,0.0002423641897762147
midres,CDM tracers around subhalo voids,0.90,10^12 M_sol / h,all voids,3.575,0.0069179355699087175,0.000238037026275472
midres,CDM tracers around subhalo voids,0.90,10^12 M_sol / h,all voids,3.625,0.006690416925170473,0.0002350598509105051
midres,CDM tracers around subhalo voids,0.90,10^12 M_sol / h,all voids,3.6750000000000003,0.005985222463047224,0.0002313369581199902
midres,CDM tracers around subhalo voids,0.90,10^12 M_sol / h,all voids,3.725,0.005656004608486143,0.0002266583085997397
midres,CDM tracers around subhalo voids,0.90,10^12 M_sol / h,all voids,3.7750000000000004,0.005785869321236481,0.00022505561533963753
midres,CDM tracers around subhalo voids,0.90,10^12 M_sol / h,all voids,3.825,0.00571402425099099,0.00022310314850256023
midres,CDM tracers around subhalo voids,0.90,10^12 M_sol / h,all voids,3.875,0.005012000801748018,0.00021935417925995012
midres,CDM tracers around subhalo voids,0.90,10^12 M_sol / h,all voids,3.9250000000000003,0.005117197989655375,0.00021583382246352919
midres,CDM tracers around subhalo voids,0.90,10^12 M_sol / h,all voids,3.975,0.004967136115191284,0.00021395037595218865
midres,CDM tracers around subhalo voids,0.90,10^12 M_sol / h,all voids,4.025,0.004981581470324459,0.00021050368272965226
midres,CDM tracers around subhalo voids,0.90,10^12 M_sol / h,all voids,4.075,0.004867605247518281,0.0002085715649731034
midres,CDM tracers around subhalo voids,0.90,10^12 M_sol / h,all voids,4.125,0.004723180367696811,0.00020405175826792077
midres,CDM tracers around subhalo voids,0.90,10^12 M_sol / h,all voids,4.175000000000001,0.004676863804882192,0.00020301689066843916
midres,CDM tracers around subhalo voids,0.90,10^12 M_sol / h,all voids,4.225,0.004354129360482961,0.0002000024685000231
midres,CDM tracers around subhalo voids,0.90,10^12 M_sol / h,all voids,4.275,0.004257753447002743,0.0001976712780180552
midres,CDM tracers around subhalo voids,0.90,10^12 M_sol / h,all voids,4.325,0.004003144235086742,0.0001951596198439582
midres,CDM tracers around subhalo voids,0.90,10^12 M_sol / h,all voids,4.375,0.004307656250018832,0.00019257896114673623
midres,CDM tracers around subhalo voids,0.90,10^12 M_sol / h,all voids,4.425000000000001,0.004169025118924807,0.00019132543923611778
midres,CDM tracers around subhalo voids,0.90,10^12 M_sol / h,all voids,4.475,0.0037836694388555525,0.00018865994512502456
midres,CDM tracers around subhalo voids,0.90,10^12 M_sol / h,all voids,4.525,0.003716229306281127,0.00018545773161122566
midres,CDM tracers around subhalo voids,0.90,10^12 M_sol / h,all voids,4.575,0.0035025088542322003,0.00018353724727399552
midres,CDM tracers around subhalo voids,0.90,10^12 M_sol / h,all voids,4.625,0.00328382327477561,0.0001816058335543973
midres,CDM tracers around subhalo voids,0.90,10^12 M_sol / h,all voids,4.675000000000001,0.0033806157303315487,0.00018026100448056498
midres,CDM tracers around subhalo voids,0.90,10^12 M_sol / h,all voids,4.725,0.003098203475212946,0.0001781189067002758
midres,CDM tracers around subhalo voids,0.90,10^12 M_sol / h,all voids,4.775,0.0031734235152314216,0.00017660260427542244
midres,CDM tracers around subhalo voids,0.90,10^12 M_sol / h,all voids,4.825000000000001,0.0030786068763615226,0.00017454100895507297
midres,CDM tracers around subhalo voids,0.90,10^12 M_sol / h,all voids,4.875,0.0031810750747502947,0.0001718008485337488
midres,CDM tracers around subhalo voids,0.90,10^12 M_sol / h,all voids,4.925000000000001,0.002916586573633806,0.0001705797342134987
midres,CDM tracers around subhalo voids,0.90,10^12 M_sol / h,all voids,4.975,0.002801938390489367,0.00016912612088212597
midres,CDM tracers around subhalo voids,1.18,10^12 M_sol / h,all voids,0.025,-0.3154418933966283,0.027332503392880687
midres,CDM tracers around subhalo voids,1.18,10^12 M_sol / h,all voids,0.07500000000000001,-0.344506731023545,0.007833829493179439
midres,CDM tracers around subhalo voids,1.18,10^12 M_sol / h,all voids,0.125,-0.34261570734973434,0.005273444518698364
midres,CDM tracers around subhalo voids,1.18,10^12 M_sol / h,all voids,0.17500000000000002,-0.3522002511898559,0.003439352114490444
midres,CDM tracers around subhalo voids,1.18,10^12 M_sol / h,all voids,0.225,-0.3415904886631179,0.002680655929123764
midres,CDM tracers around subhalo voids,1.18,10^12 M_sol / h,all voids,0.275,-0.3335166941683634,0.002229650512229353
midres,CDM tracers around subhalo voids,1.18,10^12 M_sol / h,all voids,0.32500000000000007,-0.3206642605226069,0.0018945006353749089
midres,CDM tracers around subhalo voids,1.18,10^12 M_sol / h,all voids,0.375,-0.30246032989004457,0.001628287538521126
midres,CDM tracers around subhalo voids,1.18,10^12 M_sol / h,all voids,0.42500000000000004,-0.28020073858165884,0.0014913136907328001
midres,CDM tracers around subhalo voids,1.18,10^12 M_sol / h,all voids,0.475,-0.24973992652729393,0.001338860028076458
midres,CDM tracers around subhalo voids,1.18,10^12 M_sol / h,all voids,0.525,-0.21080388992890597,0.0012479960847037812
midres,CDM tracers around subhalo voids,1.18,10^12 M_sol / h,all voids,0.5750000000000001,-0.16599323255914922,0.0011716409405147094
midres,CDM tracers around subhalo voids,1.18,10^12 M_sol / h,all voids,0.625,-0.11969475160187604,0.0011072986178833994
midres,CDM tracers around subhalo voids,1.18,10^12 M_sol / h,all voids,0.675,-0.06663433981608502,0.0010720973547270964
midres,CDM tracers around subhalo voids,1.18,10^12 M_sol / h,all voids,0.7250000000000001,-0.01762009332338743,0.0010440328580882839
midres,CDM tracers around subhalo voids,1.18,10^12 M_sol / h,all voids,0.775,0.029150603968878253,0.0010046768472897038
midres,CDM tracers around subhalo voids,1.18,10^12 M_sol / h,all voids,0.8250000000000001,0.06978877466978606,0.0009769290708447824
midres,CDM tracers around subhalo voids,1.18,10^12 M_sol / h,all voids,0.875,0.10408997046125168,0.0009516093499386811
midres,CDM tracers around subhalo voids,1.18,10^12 M_sol / h,all voids,0.925,0.13197001003274522,0.0009364912300528109
midres,CDM tracers around subhalo voids,1.18,10^12 M_sol / h,all voids,0.9750000000000001,0.15042114738008672,0.0009085500405577281
midres,CDM tracers around subhalo voids,1.18,10^12 M_sol / h,all voids,1.025,0.16652667897771,0.0008935016607854541
midres,CDM tracers around subhalo voids,1.18,10^12 M_sol / h,all voids,1.0750000000000002,0.1720086362422728,0.0008571689239357229
midres,CDM tracers around subhalo voids,1.18,10^12 M_sol / h,all voids,1.125,0.17250977384744748,0.0008285888920782689
midres,CDM tracers around subhalo voids,1.18,10^12 M_sol / h,all voids,1.1750000000000003,0.1680849398836719,0.0007994553319121822
midres,CDM tracers around subhalo voids,1.18,10^12 M_sol / h,all voids,1.225,0.1629987513533533,0.0007738382228684596
midres,CDM tracers around subhalo voids,1.18,10^12 M_sol / h,all voids,1.275,0.1530086909322419,0.0007362243402957733
midres,CDM tracers around subhalo voids,1.18,10^12 M_sol / h,all voids,1.3250000000000002,0.14444002227957564,0.0007179475005568557
midres,CDM tracers around subhalo voids,1.18,10^12 M_sol / h,all voids,1.375,0.13208545271300864,0.0006872304681931142
midres,CDM tracers around subhalo voids,1.18,10^12 M_sol / h,all voids,1.4250000000000003,0.12271023831160743,0.0006613146252832088
midres,CDM tracers around subhalo voids,1.18,10^12 M_sol / h,all voids,1.475,0.1109837557945006,0.0006342564790715409
midres,CDM tracers around subhalo voids,1.18,10^12 M_sol / h,all voids,1.525,0.10027488513319138,0.000607081275348843
midres,CDM tracers around subhalo voids,1.18,10^12 M_sol / h,all voids,1.5750000000000002,0.09192310933923276,0.0005866287551960069
midres,CDM tracers around subhalo voids,1.18,10^12 M_sol / h,all voids,1.625,0.08415790294970371,0.0005648722617053032
midres,CDM tracers around subhalo voids,1.18,10^12 M_sol / h,all voids,1.6750000000000003,0.07558786221197744,0.000547254543348843
midres,CDM tracers around subhalo voids,1.18,10^12 M_sol / h,all voids,1.725,0.06726731043567824,0.0005253368866572676
midres,CDM tracers around subhalo voids,1.18,10^12 M_sol / h,all voids,1.775,0.061318820519234096,0.0005120915456869171
midres,CDM tracers around subhalo voids,1.18,10^12 M_sol / h,all voids,1.8250000000000002,0.05520590773354206,0.0004921784872612724
midres,CDM tracers around subhalo voids,1.18,10^12 M_sol / h,all voids,1.875,0.05043457609770763,0.0004794845005196698
midres,CDM tracers around subhalo voids,1.18,10^12 M_sol / h,all voids,1.9250000000000003,0.04500529762167682,0.00046183389816072405
midres,CDM tracers around subhalo voids,1.18,10^12 M_sol / h,all voids,1.975,0.04108391576035508,0.00044558991210756795
midres,CDM tracers around subhalo voids,1.18,10^12 M_sol / h,all voids,2.0250000000000004,0.0373481848796644,0.0004317698061479772
midres,CDM tracers around subhalo voids,1.18,10^12 M_sol / h,all voids,2.075,0.034905869773289355,0.00042464854081368655
midres,CDM tracers around subhalo voids,1.18,10^12 M_sol / h,all voids,2.125,0.031453029371722785,0.00040798776369760343
midres,CDM tracers around subhalo voids,1.18,10^12 M_sol / h,all voids,2.175,0.028346210081327206,0.00039745417166086824
midres,CDM tracers around subhalo voids,1.18,10^12 M_sol / h,all voids,2.225,0.025900303627649723,0.00038581781634089516
midres,CDM tracers around subhalo voids,1.18,10^12 M_sol / h,all voids,2.2750000000000004,0.023347895945807773,0.0003764414374476292
midres,CDM tracers around subhalo voids,1.18,10^12 M_sol / h,all voids,2.325,0.022660178994810876,0.00036562744475019076
midres,CDM tracers around subhalo voids,1.18,10^12 M_sol / h,all voids,2.375,0.020559153587528023,0.00035618244233877176
midres,CDM tracers around subhalo voids,1.18,10^12 M_sol / h,all voids,2.4250000000000003,0.01886688070789999,0.0003463114125918105
midres,CDM tracers around subhalo voids,1.18,10^12 M_sol / h,all voids,2.475,0.018106241557902747,0.00034057307204664653
midres,CDM tracers around subhalo voids,1.18,10^12 M_sol / h,all voids,2.5250000000000004,0.016873444028607576,0.00033287576389902206
midres,CDM tracers around subhalo voids,1.18,10^12 M_sol / h,all voids,2.575,0.015590583804355962,0.00032558030675136927
midres,CDM tracers around subhalo voids,1.18,10^12 M_sol / h,all voids,2.625,0.014584138033886251,0.00031513001049154573
midres,CDM tracers around subhalo voids,1.18,10^12 M_sol / h,all voids,2.6750000000000003,0.01391763315670791,0.0003104840470420267
midres,CDM tracers around subhalo voids,1.18,10^12 M_sol / h,all voids,2.725,0.013006416616514471,0.0003059883338634923
midres,CDM tracers around subhalo voids,1.18,10^12 M_sol / h,all voids,2.7750000000000004,0.011811370126511012,0.00029741771635712386
midres,CDM tracers around subhalo voids,1.18,10^12 M_sol / h,all voids,2.825,0.01107439963812773,0.00029190214758577604
midres,CDM tracers around subhalo voids,1.18,10^12 M_sol / h,all voids,2.875,0.010433614554957948,0.0002859501121575954
midres,CDM tracers around subhalo voids,1.18,10^12 M_sol / h,all voids,2.9250000000000003,0.01020895632326102,0.00028011618239417486
midres,CDM tracers around subhalo voids,1.18,10^12 M_sol / h,all voids,2.975,0.009463640838239362,0.00027528512458304137
midres,CDM tracers around subhalo voids,1.18,10^12 M_sol / h,all voids,3.0250000000000004,0.00930560339135078,0.0002709615691494427
midres,CDM tracers around subhalo voids,1.18,10^12 M_sol / h,all voids,3.075,0.008720202631468776,0.0002654350595420501
midres,CDM tracers around subhalo voids,1.18,10^12 M_sol / h,all voids,3.125,0.008159959629110425,0.000260891362201953
midres,CDM tracers around subhalo voids,1.18,10^12 M_sol / h,all voids,3.1750000000000003,0.008083052113823763,0.0002564905444025648
midres,CDM tracers around subhalo voids,1.18,10^12 M_sol / h,all voids,3.225,0.007455444146174051,0.0002521292454579241
midres,CDM tracers around subhalo voids,1.18,10^12 M_sol / h,all voids,3.2750000000000004,0.007489818266422699,0.00024788930974947276
midres,CDM tracers around subhalo voids,1.18,10^12 M_sol / h,all voids,3.325,0.006963133481267869,0.00024348903661757505
midres,CDM tracers around subhalo voids,1.18,10^12 M_sol / h,all voids,3.375,0.006699335722733846,0.00024054214637462529
midres,CDM tracers around subhalo voids,1.18,10^12 M_sol / h,all voids,3.4250000000000003,0.006635500730776345,0.00023734856522254237
midres,CDM tracers around subhalo voids,1.18,10^12 M_sol / h,all voids,3.475,0.006223334061331132,0.00023468906290597595
midres,CDM tracers around subhalo voids,1.18,10^12 M_sol / h,all voids,3.5250000000000004,0.005605375966929227,0.00022812701503327782
midres,CDM tracers around subhalo voids,1.18,10^12 M_sol / h,all voids,3.575,0.005688630487094448,0.00022681770120152613
midres,CDM tracers around subhalo voids,1.18,10^12 M_sol / h,all voids,3.625,0.005631317508003164,0.00022311681905949783
midres,CDM tracers around subhalo voids,1.18,10^12 M_sol / h,all voids,3.6750000000000003,0.005206447749366738,0.00021924685624418963
midres,CDM tracers around subhalo voids,1.18,10^12 M_sol / h,all voids,3.725,0.0051316067572138024,0.00021747933968522837
midres,CDM tracers around subhalo voids,1.18,10^12 M_sol / h,all voids,3.7750000000000004,0.004595670118350936,0.00021248073888738574
midres,CDM tracers around subhalo voids,1.18,10^12 M_sol / h,all voids,3.825,0.004773417616430908,0.00021135368689844606
midres,CDM tracers around subhalo voids,1.18,10^12 M_sol / h,all voids,3.875,0.004426751148725927,0.0002084123932966665
midres,CDM tracers around subhalo voids,1.18,10^12 M_sol / h,all voids,3.9250000000000003,0.004381566215796218,0.00020496010139062372
midres,CDM tracers around subhalo voids,1.18,10^12 M_sol / h,all voids,3.975,0.004138826009928653,0.000201740887195492
midres,CDM tracers around subhalo voids,1.18,10^12 M_sol / h,all voids,4.025,0.004076982915386829,0.00019951298191710247
midres,CDM tracers around subhalo voids,1.18,10^12 M_sol / h,all voids,4.075,0.004164668831858176,0.00019800254680993586
midres,CDM tracers around subhalo voids,1.18,10^12 M_sol / h,all voids,4.125,0.0038235773307049303,0.0001940216863412583
midres,CDM tracers around subhalo voids,1.18,10^12 M_sol / h,all voids,4.175000000000001,0.00366562072589538,0.0001922705846181316
midres,CDM tracers around subhalo voids,1.18,10^12 M_sol / h,all voids,4.225,0.003500831966783524,0.0001896364061840438
midres,CDM tracers around subhalo voids,1.18,10^12 M_sol / h,all voids,4.275,0.003603912023716571,0.00018760993027892235
midres,CDM tracers around subhalo voids,1.18,10^12 M_sol / h,all voids,4.325,0.003581306335429524,0.00018621112885106733
midres,CDM tracers around subhalo voids,1.18,10^12 M_sol / h,all voids,4.375,0.0035436260769887706,0.00018307364468645154
midres,CDM tracers around subhalo voids,1.18,10^12 M_sol / h,all voids,4.425000000000001,0.003284709713776035,0.00018159725709101046
midres,CDM tracers around subhalo voids,1.18,10^12 M_sol / h,all voids,4.475,0.0031707752925262955,0.00017849524481957762
midres,CDM tracers around subhalo voids,1.18,10^12 M_sol / h,all voids,4.525,0.00310227772789462,0.00017717836408828847
midres,CDM tracers around subhalo voids,1.18,10^12 M_sol / h,all voids,4.575,0.003002326403915845,0.00017494414101400504
midres,CDM tracers around subhalo voids,1.18,10^12 M_sol / h,all voids,4.625,0.0027040827294337877,0.00017296662062196626
midres,CDM tracers around subhalo voids,1.18,10^12 M_sol / h,all voids,4.675000000000001,0.002670238588155849,0.0001703946390808281
midres,CDM tracers around subhalo voids,1.18,10^12 M_sol / h,all voids,4.725,0.002715159212107965,0.00016941478416759818
midres,CDM tracers around subhalo voids,1.18,10^12 M_sol / h,all voids,4.775,0.0030040458095286215,0.00016725690692677886
midres,CDM tracers around subhalo voids,1.18,10^12 M_sol / h,all voids,4.825000000000001,0.0025674841975753537,0.00016496673419076114
midres,CDM tracers around subhalo voids,1.18,10^12 M_sol / h,all voids,4.875,0.0026547512469397017,0.00016355327745481212
midres,CDM tracers around subhalo voids,1.18,10^12 M_sol / h,all voids,4.925000000000001,0.0025288067678592707,0.0001625984960888685
midres,CDM tracers around subhalo voids,1.18,10^12 M_sol / h,all voids,4.975,0.0024694611355990936,0.0001608120216651269
midres,CDM tracers around subhalo voids,1.98,10^12 M_sol / h,all voids,0.025,-0.2750538773424229,0.018586746524368786
midres,CDM tracers around subhalo voids,1.98,10^12 M_sol / h,all voids,0.07500000000000001,-0.2541731351367291,0.007663046182067788
midres,CDM tracers around subhalo voids,1.98,10^12 M_sol / h,all voids,0.125,-0.23995722557088994,0.0049500334500091545
midres,CDM tracers around subhalo voids,1.98,10^12 M_sol / h,all voids,0.17500000000000002,-0.23700867451863428,0.003377480659087229
midres,CDM tracers around subhalo voids,1.98,10^12 M_sol / h,all voids,0.225,-0.22981755470591403,0.0027303244575107456
midres,CDM tracers around subhalo voids,1.98,10^12 M_sol / h,all voids,0.275,-0.2240604975658539,0.002209484251851264
midres,CDM tracers around subhalo voids,1.98,10^12 M_sol / h,all voids,0.32500000000000007,-0.2169807435061828,0.0018697559325828955
midres,CDM tracers around subhalo voids,1.98,10^12 M_sol / h,all voids,0.375,-0.2032794711272654,0.0016001083328468454
midres,CDM tracers around subhalo voids,1.98,10^12 M_sol / h,all voids,0.42500000000000004,-0.18478777616630637,0.001436961059570977
midres,CDM tracers around subhalo voids,1.98,10^12 M_sol / h,all voids,0.475,-0.1624503598711109,0.001294352203999884
midres,CDM tracers around subhalo voids,1.98,10^12 M_sol / h,all voids,0.525,-0.1386436402866974,0.0011978475180077753
midres,CDM tracers around subhalo voids,1.98,10^12 M_sol / h,all voids,0.5750000000000001,-0.10919412495298031,0.0010984442175234112
midres,CDM tracers around subhalo voids,1.98,10^12 M_sol / h,all voids,0.625,-0.077778169690213,0.0010287958883015808
midres,CDM tracers around subhalo voids,1.98,10^12 M_sol / h,all voids,0.675,-0.04606300372920202,0.0009606533554416898
midres,CDM tracers around subhalo voids,1.98,10^12 M_sol / h,all voids,0.7250000000000001,-0.014301877214201064,0.0009321974648694133
midres,CDM tracers around subhalo voids,1.98,10^12 M_sol / h,all voids,0.775,0.014304702549543524,0.000883711381571702
midres,CDM tracers around subhalo voids,1.98,10^12 M_sol / h,all voids,0.8250000000000001,0.04100675859732439,0.0008576213103014404
midres,CDM tracers around subhalo voids,1.98,10^12 M_sol / h,all voids,0.875,0.06390176520917223,0.0008209111845909002
midres,CDM tracers around subhalo voids,1.98,10^12 M_sol / h,all voids,0.925,0.08026530287513234,0.0007986297560297271
midres,CDM tracers around subhalo voids,1.98,10^12 M_sol / h,all voids,0.9750000000000001,0.09360861458920389,0.0007753994488669773
midres,CDM tracers around subhalo voids,1.98,10^12 M_sol / h,all voids,1.025,0.10116680277470835,0.0007446905843155226
midres,CDM tracers around subhalo voids,1.98,10^12 M_sol / h,all voids,1.0750000000000002,0.10478290246704658,0.0007163046828341354
midres,CDM tracers around subhalo voids,1.98,10^12 M_sol / h,all voids,1.125,0.10655087495129267,0.0006976668356208814
midres,CDM tracers around subhalo voids,1.98,10^12 M_sol / h,all voids,1.1750000000000003,0.10544870310350496,0.0006749952775086553
midres,CDM tracers around subhalo voids,1.98,10^12 M_sol / h,all voids,1.225,0.10158868099347296,0.0006529408663930987
midres,CDM tracers around subhalo voids,1.98,10^12 M_sol / h,all voids,1.275,0.09589033264602453,0.0006241964318399579
midres,CDM tracers around subhalo voids,1.98,10^12 M_sol / h,all voids,1.3250000000000002,0.09013252406648298,0.0006016336092639784
midres,CDM tracers around subhalo voids,1.98,10^12 M_sol / h,all voids,1.375,0.08242389193271094,0.0005740765275110757
midres,CDM tracers around subhalo voids,1.98,10^12 M_sol / h,all voids,1.4250000000000003,0.07524634329892255,0.0005568574088897128
midres,CDM tracers around subhalo voids,1.98,10^12 M_sol / h,all voids,1.475,0.0694728734285357,0.0005407583666069825
midres,CDM tracers around subhalo voids,1.98,10^12 M_sol / h,all voids,1.525,0.06270105251728242,0.000522443386592551
midres,CDM tracers around subhalo voids,1.98,10^12 M_sol / h,all voids,1.5750000000000002,0.05672156962760422,0.0005020627231886926
midres,CDM tracers around subhalo voids,1.98,10^12 M_sol / h,all voids,1.625,0.05090805092808082,0.0004850929214200656
midres,CDM tracers around subhalo voids,1.98,10^12 M_sol / h,all voids,1.6750000000000003,0.045698565230430255,0.0004690044293807614
midres,CDM tracers around subhalo voids,1.98,10^12 M_sol / h,all voids,1.725,0.04106034936906133,0.000451929723397935
midres,CDM tracers around subhalo voids,1.98,10^12 M_sol / h,all voids,1.775,0.03682276845039345,0.00043986483087436664
midres,CDM tracers around subhalo voids,1.98,10^12 M_sol / h,all voids,1.8250000000000002,0.032657015283197977,0.0004226382492591431
midres,CDM tracers around subhalo voids,1.98,10^12 M_sol / h,all voids,1.875,0.02899940689003322,0.0004116723711479569
midres,CDM tracers around subhalo voids,1.98,10^12 M_sol / h,all voids,1.9250000000000003,0.025832231563003516,0.00039828305831069913
midres,CDM tracers around subhalo voids,1.98,10^12 M_sol / h,all voids,1.975,0.023467401180991887,0.00038572355347818286
midres,CDM tracers around subhalo voids,1.98,10^12 M_sol / h,all voids,2.0250000000000004,0.020902168310689584,0.00037337179432188827
midres,CDM tracers around subhalo voids,1.98,10^12 M_sol / h,all voids,2.075,0.018739952684101224,0.0003640946037263162
midres,CDM tracers around subhalo voids,1.98,10^12 M_sol / h,all voids,2.125,0.01670879147100779,0.0003535163567346184
midres,CDM tracers around subhalo voids,1.98,10^12 M_sol / h,all voids,2.175,0.015314470699255178,0.0003434162595806145
midres,CDM tracers around subhalo voids,1.98,10^12 M_sol / h,all voids,2.225,0.014069282648539794,0.0003368907323601928
midres,CDM tracers around subhalo voids,1.98,10^12 M_sol / h,all voids,2.2750000000000004,0.013242519850588774,0.0003301675648323503
midres,CDM tracers around subhalo voids,1.98,10^12 M_sol / h,all voids,2.325,0.011700176058478284,0.0003199755930661581
midres,CDM tracers around subhalo voids,1.98,10^12 M_sol / h,all voids,2.375,0.011191031958585507,0.00031290057449869955
midres,CDM tracers around subhalo voids,1.98,10^12 M_sol / h,all voids,2.4250000000000003,0.00985428212937145,0.0003029241560313966
midres,CDM tracers around subhalo voids,1.98,10^12 M_sol / h,all voids,2.475,0.008635768761410478,0.0002980015103829013
midres,CDM tracers around subhalo voids,1.98,10^12 M_sol / h,all voids,2.5250000000000004,0.007968025821560865,0.0002887340806094034
midres,CDM tracers around subhalo voids,1.98,10^12 M_sol / h,all voids,2.575,0.007455196390866448,0.00028252244883536265
midres,CDM tracers around subhalo voids,1.98,10^12 M_sol / h,all voids,2.625,0.006821477397678022,0.0002798257945200909
midres,CDM tracers around subhalo voids,1.98,10^12 M_sol / h,all voids,2.6750000000000003,0.006192055073388714,0.000273130724988227
midres,CDM tracers around subhalo voids,1.98,10^12 M_sol / h,all voids,2.725,0.006057909574304077,0.0002674391016042074
midres,CDM tracers around subhalo voids,1.98,10^12 M_sol / h,all voids,2.7750000000000004,0.005676817755001506,0.0002620337748940713
midres,CDM tracers around subhalo voids,1.98,10^12 M_sol / h,all voids,2.825,0.005288760116544777,0.0002571690893534325
midres,CDM tracers around subhalo voids,1.98,10^12 M_sol / h,all voids,2.875,0.005190743944379461,0.0002514838745325039
midres,CDM tracers around subhalo voids,1.98,10^12 M_sol / h,all voids,2.9250000000000003,0.004654108995884032,0.0002464458216011046
midres,CDM tracers around subhalo voids,1.98,10^12 M_sol / h,all voids,2.975,0.004819623435031728,0.0002458647874891473
midres,CDM tracers around subhalo voids,1.98,10^12 M_sol / h,all voids,3.0250000000000004,0.004376161794669153,0.00023911394188522476
midres,CDM tracers around subhalo voids,1.98,10^12 M_sol / h,all voids,3.075,0.0034134269941858975,0.00023476186572437917
midres,CDM tracers around subhalo voids,1.98,10^12 M_sol / h,all voids,3.125,0.0038404343139881725,0.00023194520582299155
midres,CDM tracers around subhalo voids,1.98,10^12 M_sol / h,all voids,3.1750000000000003,0.0038598937863971727,0.00022828673660458943
midres,CDM tracers around subhalo voids,1.98,10^12 M_sol / h,all voids,3.225,0.0029559777149426036,0.00022302390434038983
midres,CDM tracers around subhalo voids,1.98,10^12 M_sol / h,all voids,3.2750000000000004,0.0030993048162712977,0.0002201261834162924
midres,CDM tracers around subhalo voids,1.98,10^12 M_sol / h,all voids,3.325,0.0031784111837425133,0.0002168031719674574
midres,CDM tracers around subhalo voids,1.98,10^12 M_sol / h,all voids,3.375,0.0031122478771250517,0.00021280201885235685
midres,CDM tracers around subhalo voids,1.98,10^12 M_sol / h,all voids,3.4250000000000003,0.0027838900070022987,0.00021059199588603912
midres,CDM tracers around subhalo voids,1.98,10^12 M_sol / h,all voids,3.475,0.002617281535939986,0.00020689560118353505
midres,CDM tracers around subhalo voids,1.98,10^12 M_sol / h,all voids,3.5250000000000004,0.0026333378559972864,0.00020412461596136953
midres,CDM tracers around subhalo voids,1.98,10^12 M_sol / h,all voids,3.575,0.0024012669397748265,0.0002002524515106564
midres,CDM tracers around subhalo voids,1.98,10^12 M_sol / h,all voids,3.625,0.0022305580223633825,0.00019747866029369863
midres,CDM tracers around subhalo voids,1.98,10^12 M_sol / h,all voids,3.6750000000000003,0.0022262445102914086,0.00019597818966891862
midres,CDM tracers around subhalo voids,1.98,10^12 M_sol / h,all voids,3.725,0.0017416290522331845,0.00019267667484202896
midres,CDM tracers around subhalo voids,1.98,10^12 M_sol / h,all voids,3.7750000000000004,0.00223954739993526,0.00018913642113604437
midres,CDM tracers around subhalo voids,1.98,10^12 M_sol / h,all voids,3.825,0.0017443826099503568,0.00018676274842494836
midres,CDM tracers around subhalo voids,1.98,10^12 M_sol / h,all voids,3.875,0.0017906432531336058,0.00018354414102620268
midres,CDM tracers around subhalo voids,1.98,10^12 M_sol / h,all voids,3.9250000000000003,0.001975584630099503,0.00018099941927836522
midres,CDM tracers around subhalo voids,1.98,10^12 M_sol / h,all voids,3.975,0.0018874567960183164,0.0001799857634509846
midres,CDM tracers around subhalo voids,1.98,10^12 M_sol / h,all voids,4.025,0.001659409734234174,0.00017810556318179814
midres,CDM tracers around subhalo voids,1.98,10^12 M_sol / h,all voids,4.075,0.0017553596788382198,0.00017488278253387883
midres,CDM tracers around subhalo voids,1.98,10^12 M_sol / h,all voids,4.125,0.0017675469642910446,0.00017375837682397405
midres,CDM tracers around subhalo voids,1.98,10^12 M_sol / h,all voids,4.175000000000001,0.0015017285637832778,0.00017062066269888103
midres,CDM tracers around subhalo voids,1.98,10^12 M_sol / h,all voids,4.225,0.00151140967399499,0.00016862838640905906
midres,CDM tracers around subhalo voids,1.98,10^12 M_sol / h,all voids,4.275,0.0017320046334241557,0.00016648989912613002
midres,CDM tracers around subhalo voids,1.98,10^12 M_sol / h,all voids,4.325,0.0017833522614545405,0.00016499981235509442
midres,CDM tracers around subhalo voids,1.98,10^12 M_sol / h,all voids,4.375,0.0015984193782394573,0.00016315739237592224
midres,CDM tracers around subhalo voids,1.98,10^12 M_sol / h,all voids,4.425000000000001,0.0013662827843934355,0.0001611696807772919
midres,CDM tracers around subhalo voids,1.98,10^12 M_sol / h,all voids,4.475,0.0015097458152597554,0.000159445028285295
midres,CDM tracers around subhalo voids,1.98,10^12 M_sol / h,all voids,4.525,0.0014245180302221438,0.00015750291018189625
midres,CDM tracers around subhalo voids,1.98,10^12 M_sol / h,all voids,4.575,0.0013323608531996545,0.00015538714004596584
midres,CDM tracers around subhalo voids,1.98,10^12 M_sol / h,all voids,4.625,0.0013321181823258144,0.00015409615686383382
midres,CDM tracers around subhalo voids,1.98,10^12 M_sol / h,all voids,4.675000000000001,0.001092065678679699,0.00015181205139556887
midres,CDM tracers around subhalo voids,1.98,10^12 M_sol / h,all voids,4.725,0.001140523868609744,0.0001505757465530826
midres,CDM tracers around subhalo voids,1.98,10^12 M_sol / h,all voids,4.775,0.001328117551886665,0.00014975597431957078
midres,CDM tracers around subhalo voids,1.98,10^12 M_sol / h,all voids,4.825000000000001,0.0007940448768952724,0.0001470391960722077
midres,CDM tracers around subhalo voids,1.98,10^12 M_sol / h,all voids,4.875,0.0010150987053576532,0.00014580880959451378
midres,CDM tracers around subhalo voids,1.98,10^12 M_sol / h,all voids,4.925000000000001,0.0007725630482766643,0.0001443987286981496
midres,CDM tracers around subhalo voids,1.98,10^12 M_sol / h,all voids,4.975,0.000878259217779398,0.00014307989361170054
midres,CDM tracers around subhalo voids,2.79,10^12 M_sol / h,all voids,0.025,-0.15844257964479969,0.021573561089700318
midres,CDM tracers around subhalo voids,2.79,10^12 M_sol / h,all voids,0.07500000000000001,-0.16878138246302843,0.007311482146416891
midres,CDM tracers around subhalo voids,2.79,10^12 M_sol / h,all voids,0.125,-0.16273802107552315,0.004517974513024109
midres,CDM tracers around subhalo voids,2.79,10^12 M_sol / h,all voids,0.17500000000000002,-0.15938433258942986,0.003281577781025684
midres,CDM tracers around subhalo voids,2.79,10^12 M_sol / h,all voids,0.225,-0.15292201132055594,0.002585610596785487
midres,CDM tracers around subhalo voids,2.79,10^12 M_sol / h,all voids,0.275,-0.1485186197111057,0.002129385507629982
midres,CDM tracers around subhalo voids,2.79,10^12 M_sol / h,all voids,0.32500000000000007,-0.14238405099166274,0.0017777622157031116
midres,CDM tracers around subhalo voids,2.79,10^12 M_sol / h,all voids,0.375,-0.13374313677709204,0.0015455165157093006
midres,CDM tracers around subhalo voids,2.79,10^12 M_sol / h,all voids,0.42500000000000004,-0.12295016597512654,0.0013652194120430154
midres,CDM tracers around subhalo voids,2.79,10^12 M_sol / h,all voids,0.475,-0.1053838397828546,0.0012327726476329083
midres,CDM tracers around subhalo voids,2.79,10^12 M_sol / h,all voids,0.525,-0.08841489684386594,0.0011373256955995198
midres,CDM tracers around subhalo voids,2.79,10^12 M_sol / h,all voids,0.5750000000000001,-0.07106514614785109,0.0010410477795502696
midres,CDM tracers around subhalo voids,2.79,10^12 M_sol / h,all voids,0.625,-0.04992309017363006,0.0009735313004830562
midres,CDM tracers around subhalo voids,2.79,10^12 M_sol / h,all voids,0.675,-0.032079314885337995,0.0009033090534469806
midres,CDM tracers around subhalo voids,2.79,10^12 M_sol / h,all voids,0.7250000000000001,-0.009767129780395067,0.0008608320616606688
midres,CDM tracers around subhalo voids,2.79,10^12 M_sol / h,all voids,0.775,0.006091670339957389,0.000816430163024824
midres,CDM tracers around subhalo voids,2.79,10^12 M_sol / h,all voids,0.8250000000000001,0.02215718706385883,0.000778191415707764
midres,CDM tracers around subhalo voids,2.79,10^12 M_sol / h,all voids,0.875,0.03566139391593959,0.0007409538360926064
midres,CDM tracers around subhalo voids,2.79,10^12 M_sol / h,all voids,0.925,0.04493146323645636,0.0007095325565146302
midres,CDM tracers around subhalo voids,2.79,10^12 M_sol / h,all voids,0.9750000000000001,0.053288890208786244,0.0006862973723035742
midres,CDM tracers around subhalo voids,2.79,10^12 M_sol / h,all voids,1.025,0.05803676344812758,0.0006641071026030367
midres,CDM tracers around subhalo voids,2.79,10^12 M_sol / h,all voids,1.0750000000000002,0.060954324826926864,0.0006445313217200149
midres,CDM tracers around subhalo voids,2.79,10^12 M_sol / h,all voids,1.125,0.061197484584229134,0.0006153437850246648
midres,CDM tracers around subhalo voids,2.79,10^12 M_sol / h,all voids,1.1750000000000003,0.059610735742611,0.0005891945241652261
midres,CDM tracers around subhalo voids,2.79,10^12 M_sol / h,all voids,1.225,0.05786083997044611,0.0005708783859438777
midres,CDM tracers around subhalo voids,2.79,10^12 M_sol / h,all voids,1.275,0.055270810277499915,0.0005528996643806579
midres,CDM tracers around subhalo voids,2.79,10^12 M_sol / h,all voids,1.3250000000000002,0.05133921488937765,0.0005364866118955917
midres,CDM tracers around subhalo voids,2.79,10^12 M_sol / h,all voids,1.375,0.04714194087683721,0.0005151162328194497
midres,CDM tracers around subhalo voids,2.79,10^12 M_sol / h,all voids,1.4250000000000003,0.04332169479782322,0.000497356225671239
midres,CDM tracers around subhalo voids,2.79,10^12 M_sol / h,all voids,1.475,0.03861663075207855,0.0004776983965795352
midres,CDM tracers around subhalo voids,2.79,10^12 M_sol / h,all voids,1.525,0.03481029340629904,0.00046138349647575493
midres,CDM tracers around subhalo voids,2.79,10^12 M_sol / h,all voids,1.5750000000000002,0.030873552436514018,0.0004437345939332533
midres,CDM tracers around subhalo voids,2.79,10^12 M_sol / h,all voids,1.625,0.027174950303544554,0.00042652054384539396
midres,CDM tracers around subhalo voids,2.79,10^12 M_sol / h,all voids,1.6750000000000003,0.024595920476471633,0.0004214112953643251
midres,CDM tracers around subhalo voids,2.79,10^12 M_sol / h,all voids,1.725,0.02165172705611096,0.0004021934177746764
midres,CDM tracers around subhalo voids,2.79,10^12 M_sol / h,all voids,1.775,0.018753757047872854,0.00039158983204549193
midres,CDM tracers around subhalo voids,2.79,10^12 M_sol / h,all voids,1.8250000000000002,0.01662810751085697,0.0003790047950931539
midres,CDM tracers around subhalo voids,2.79,10^12 M_sol / h,all voids,1.875,0.014542577098070053,0.00036881829224405706
midres,CDM tracers around subhalo voids,2.79,10^12 M_sol / h,all voids,1.9250000000000003,0.012290857512680553,0.00035827556101514186
midres,CDM tracers around subhalo voids,2.79,10^12 M_sol / h,all voids,1.975,0.010510959306842649,0.0003456049252312591
midres,CDM tracers around subhalo voids,2.79,10^12 M_sol / h,all voids,2.0250000000000004,0.009538277623465818,0.0003378972439616464
midres,CDM tracers around subhalo voids,2.79,10^12 M_sol / h,all voids,2.075,0.008289277328713318,0.00033030632561640644
midres,CDM tracers around subhalo voids,2.79,10^12 M_sol / h,all voids,2.125,0.007103921785811096,0.0003193790836280463
midres,CDM tracers around subhalo voids,2.79,10^12 M_sol / h,all voids,2.175,0.006236174218178903,0.00031221008252569493
midres,CDM tracers around subhalo voids,2.79,10^12 M_sol / h,all voids,2.225,0.005670826232173187,0.00030701248290932636
midres,CDM tracers around subhalo voids,2.79,10^12 M_sol / h,all voids,2.2750000000000004,0.004647342237747987,0.00029860576300579637
midres,CDM tracers around subhalo voids,2.79,10^12 M_sol / h,all voids,2.325,0.004132130631025355,0.0002886352645776054
midres,CDM tracers around subhalo voids,2.79,10^12 M_sol / h,all voids,2.375,0.003974872906735927,0.0002807715109912423
midres,CDM tracers around subhalo voids,2.79,10^12 M_sol / h,all voids,2.4250000000000003,0.0033602082053301174,0.0002764757425933271
midres,CDM tracers around subhalo voids,2.79,10^12 M_sol / h,all voids,2.475,0.00289361085488693,0.0002716806707541857
midres,CDM tracers around subhalo voids,2.79,10^12 M_sol / h,all voids,2.5250000000000004,0.0023195706188223753,0.0002625429180565772
midres,CDM tracers around subhalo voids,2.79,10^12 M_sol / h,all voids,2.575,0.0024319079961443446,0.00025691831125292087
midres,CDM tracers around subhalo voids,2.79,10^12 M_sol / h,all voids,2.625,0.0021313071834818675,0.00025341321287918256
midres,CDM tracers around subhalo voids,2.79,10^12 M_sol / h,all voids,2.6750000000000003,0.0018739140152985723,0.0002465105315248221
midres,CDM tracers around subhalo voids,2.79,10^12 M_sol / h,all voids,2.725,0.0016766768040648028,0.0002434292482028718
midres,CDM tracers around subhalo voids,2.79,10^12 M_sol / h,all voids,2.7750000000000004,0.0012320761685136183,0.0002402424348343469
midres,CDM tracers around subhalo voids,2.79,10^12 M_sol / h,all voids,2.825,0.0013985469642705528,0.0002338396413918797
midres,CDM tracers around subhalo voids,2.79,10^12 M_sol / h,all voids,2.875,0.001655640382570045,0.00022928232460985303
midres,CDM tracers around subhalo voids,2.79,10^12 M_sol / h,all voids,2.9250000000000003,0.0015380801469278005,0.00022534710046099
midres,CDM tracers around subhalo voids,2.79,10^12 M_sol / h,all voids,2.975,0.0014181469014147297,0.00022231649013103717
midres,CDM tracers around subhalo voids,2.79,10^12 M_sol / h,all voids,3.0250000000000004,0.001247981033436485,0.00021823920849233644
midres,CDM tracers around subhalo voids,2.79,10^12 M_sol / h,all voids,3.075,0.001100176880348247,0.0002162024262465713
midres,CDM tracers around subhalo voids,2.79,10^12 M_sol / h,all voids,3.125,0.0010039787552651447,0.0002110718546800486
midres,CDM tracers around subhalo voids,2.79,10^12 M_sol / h,all voids,3.1750000000000003,0.0010868027610049236,0.00020740671099255786
midres,CDM tracers around subhalo voids,2.79,10^12 M_sol / h,all voids,3.225,0.0010344089998004513,0.0002041264001713101
midres,CDM tracers around subhalo voids,2.79,10^12 M_sol / h,all voids,3.2750000000000004,0.0008332859977580043,0.00019958052452442754
midres,CDM tracers around subhalo voids,2.79,10^12 M_sol / h,all voids,3.325,0.0010449511232029085,0.00019794941899211642
midres,CDM tracers around subhalo voids,2.79,10^12 M_sol / h,all voids,3.375,0.0009655120300144926,0.00019658659762626939
midres,CDM tracers around subhalo voids,2.79,10^12 M_sol / h,all voids,3.4250000000000003,0.0009552660381373368,0.0001915691118133203
midres,CDM tracers around subhalo voids,2.79,10^12 M_sol / h,all voids,3.475,0.0006285629083582212,0.0001883156974314458
midres,CDM tracers around subhalo voids,2.79,10^12 M_sol / h,all voids,3.5250000000000004,0.0008466885028723947,0.0001868820382559525
midres,CDM tracers around subhalo voids,2.79,10^12 M_sol / h,all voids,3.575,0.0007697206837045112,0.00018465671587975774
midres,CDM tracers around subhalo voids,2.79,10^12 M_sol / h,all voids,3.625,0.0002537431726163941,0.00018195823955922982
midres,CDM tracers around subhalo voids,2.79,10^12 M_sol / h,all voids,3.6750000000000003,0.00036387161844775306,0.00017926022591713929
midres,CDM tracers around subhalo voids,2.79,10^12 M_sol / h,all voids,3.725,0.0006838273633256176,0.00017626381654807513
midres,CDM tracers around subhalo voids,2.79,10^12 M_sol / h,all voids,3.7750000000000004,0.0003751633574191615,0.00017488168832168166
midres,CDM tracers around subhalo voids,2.79,10^12 M_sol / h,all voids,3.825,0.0006242753978120685,0.00017198585412446293
midres,CDM tracers around subhalo voids,2.79,10^12 M_sol / h,all voids,3.875,0.00037325500311613524,0.00017083200076522864
midres,CDM tracers around subhalo voids,2.79,10^12 M_sol / h,all voids,3.9250000000000003,0.0007371850840716121,0.00016806743949392345
midres,CDM tracers around subhalo voids,2.79,10^12 M_sol / h,all voids,3.975,0.0005152033799220579,0.00016549159578733622
midres,CDM tracers around subhalo voids,2.79,10^12 M_sol / h,all voids,4.025,0.0004737613488299264,0.0001623830918520139
midres,CDM tracers around subhalo voids,2.79,10^12 M_sol / h,all voids,4.075,0.000310779149075735,0.0001603753945157984
midres,CDM tracers around subhalo voids,2.79,10^12 M_sol / h,all voids,4.125,-3.74625776090598e-05,0.00015908883919548366
midres,CDM tracers around subhalo voids,2.79,10^12 M_sol / h,all voids,4.175000000000001,0.0006926401379065972,0.0001577408185349646
midres,CDM tracers around subhalo voids,2.79,10^12 M_sol / h,all voids,4.225,0.00042240538694748864,0.0001559151428779368
midres,CDM tracers around subhalo voids,2.79,10^12 M_sol / h,all voids,4.275,0.00033137716515496685,0.00015317816105412654
midres,CDM tracers around subhalo voids,2.79,10^12 M_sol / h,all voids,4.325,0.00029636731099880187,0.00015141591451413623
midres,CDM tracers around subhalo voids,2.79,10^12 M_sol / h,all voids,4.375,0.0005532335545115341,0.0001500785948620759
midres,CDM tracers around subhalo voids,2.79,10^12 M_sol / h,all voids,4.425000000000001,0.0005342313455043435,0.0001488361353616075
midres,CDM tracers around subhalo voids,2.79,10^12 M_sol / h,all voids,4.475,0.0004751928335093858,0.00014731739690168868
midres,CDM tracers around subhalo voids,2.79,10^12 M_sol / h,all voids,4.525,0.00029688709271780134,0.00014597293052217523
midres,CDM tracers around subhalo voids,2.79,10^12 M_sol / h,all voids,4.575,0.0005607048953961691,0.00014364551887186995
midres,CDM tracers around subhalo voids,2.79,10^12 M_sol / h,all voids,4.625,0.0005337690522762006,0.00014177817695621136
midres,CDM tracers around subhalo voids,2.79,10^12 M_sol / h,all voids,4.675000000000001,0.0004674899526568854,0.00014114780369337216
midres,CDM tracers around subhalo voids,2.79,10^12 M_sol / h,all voids,4.725,0.00029838929795378277,0.00013851446683177656
midres,CDM tracers around subhalo voids,2.79,10^12 M_sol / h,all voids,4.775,0.00016408789953015201,0.00013641952346591155
midres,CDM tracers around subhalo voids,2.79,10^12 M_sol / h,all voids,4.825000000000001,0.00037003777572475194,0.00013611990449859777
midres,CDM tracers around subhalo voids,2.79,10^12 M_sol / h,all voids,4.875,0.0002834997902199099,0.00013521240273375282
midres,CDM tracers around subhalo voids,2.79,10^12 M_sol / h,all voids,4.925000000000001,0.0002902963417161786,0.00013282665531810954
midres,CDM tracers around subhalo voids,2.79,10^12 M_sol / h,all voids,4.975,0.0001072492271825265,0.00013042495513642554
